"Date","IDSwipes","LDT","Turnstile","Day","Hours","Month","HourlyAltimeterSetting","HourlyDewPointTemperature","HourlyPrecipitation","HourlyPresentWeatherType","HourlyRelativeHumidity","HourlySkyConditions","HourlyStationPressure","HourlyVisibility","HourlyWindDirection","HourlyWindGustSpeed","HourlyWindSpeed","Hour","Minutes","WeekdayCount","Week","Week_Day","End_of_Week","DayTemperature.Date","DayTemperature.Temperature"
2019-01-02, 235,"2019-01-02 07:14:08","DEDM (101.2LB)","Wednesday","2019-01-02 07","2019-01",30.23,30,NA,"-RA:02 |RA |RA", 93,"OVC:08 7",29.54, 4.00,"020","18",13, 7,14,"2019-01-02 Wednesday","2019-01 Wednesday",3,2019-01-05,2019-01-02,33.74468
2019-01-03, 123,"2019-01-03 07:05:43","DEDM (101.3LB)","Thursday","2019-01-03 07","2019-01",30.07,36,NA,"-RA:02 |RA |RA", 93,"OVC:08 5",29.38, 2.00,"290",NA, 6, 7, 5,"2019-01-03 Thursday","2019-01 Thursday",4,2019-01-05,2019-01-03,38.18699
2019-01-04, 267,"2019-01-04 04:12:23","DEDM (101.2LB)","Friday","2019-01-04 04","2019-01",29.94,33,NA,NA, 89,"OVC:08 10",29.25,10.00,"290","16",11, 4,12,"2019-01-04 Friday","2019-01 Friday",5,2019-01-05,2019-01-04,49.79026
2019-01-05, 172,"2019-01-05 07:37:46","DEDM (101.1LB)","Saturday","2019-01-05 07","2019-01",30.10,34,NA,NA, 76,"*",29.41,10.00,"130",NA, 3, 7,37,"2019-01-05 Saturday","2019-01 Saturday",6,2019-01-05,2019-01-05,62.19767
2019-01-06, 156,"2019-01-06 12:33:08","DEDM (101.1LB)","Sunday","2019-01-06 12","2019-01",30.10,43,NA,NA, 63,"*",29.41,10.00,"170","17",10,12,33,"2019-01-06 Sunday","2019-01 Sunday",0,2019-01-12,2019-01-06,64.43590
2019-01-07, 480,"2019-01-07 08:54:59","DEDM (101.2LB)","Monday","2019-01-07 08","2019-01",30.01,59,NA,NA, 88,"SCT:04 130",29.32,10.00,"200","16",10, 8,54,"2019-01-07 Monday","2019-01 Monday",1,2019-01-12,2019-01-07,67.55208
2019-01-08, 584,"2019-01-08 07:33:03","DEDM (101.3LB)","Tuesday","2019-01-08 07","2019-01",30.10,39,NA,NA, 67,"*",29.41,10.00,"000",NA, 0, 7,33,"2019-01-08 Tuesday","2019-01 Tuesday",2,2019-01-12,2019-01-08,58.88870
2019-01-09, 570,"2019-01-09 08:09:51","DEDM (101.3LB)","Wednesday","2019-01-09 08","2019-01",30.54,25,NA,NA, 49,"*",29.84,10.00,"010",NA, 8, 8, 9,"2019-01-09 Wednesday","2019-01 Wednesday",3,2019-01-12,2019-01-09,52.00877
2019-01-10, 534,"2019-01-10 08:59:35","DEDM (101.1LB)","Thursday","2019-01-10 08","2019-01",30.35,19,NA,NA, 37,"OVC:08 75",29.65,10.00,"100",NA, 9, 8,59,"2019-01-10 Thursday","2019-01 Thursday",4,2019-01-12,2019-01-10,49.20412
2019-01-11, 552,"2019-01-11 06:27:47","DEDM (101.1LB)","Friday","2019-01-11 06","2019-01",30.11,37,NA,NA, 71,"SCT:04 29 OVC:08 39",29.42,10.00,"140","23",15, 6,27,"2019-01-11 Friday","2019-01 Friday",5,2019-01-12,2019-01-11,48.97826
2019-01-12, 342,"2019-01-12 08:28:58","DEDM (101.2LB)","Saturday","2019-01-12 08","2019-01",29.98,36,NA,NA, 76,"*",29.29,10.00,"280","23",21, 8,28,"2019-01-12 Saturday","2019-01 Saturday",6,2019-01-12,2019-01-12,44.84211
2019-01-13, 290,"2019-01-13 12:42:16","DEDM (101.2LB)","Sunday","2019-01-13 12","2019-01",30.48,28,NA,NA, 70,"OVC:08 21",29.78,10.00,"360","17",15,12,42,"2019-01-13 Sunday","2019-01 Sunday",0,2019-01-19,2019-01-13,36.72759
2019-01-14, 705,"2019-01-14 06:06:55","DEDM (101.3LB)","Monday","2019-01-14 06","2019-01",30.49,30,NA,NA, 81,"OVC:08 15",29.79,10.00,"020",NA, 8, 6, 6,"2019-01-14 Monday","2019-01 Monday",1,2019-01-19,2019-01-14,40.54752
2019-01-15, 679,"2019-01-15 06:19:29","DEDM (101.2LB)","Tuesday","2019-01-15 06","2019-01",30.32,34,NA,NA, 81,"OVC:08 46",29.62,10.00,"120",NA, 6, 6,19,"2019-01-15 Tuesday","2019-01 Tuesday",2,2019-01-19,2019-01-15,45.09867
2019-01-16, 816,"2019-01-16 06:01:09","DEDM (101.3LB)","Wednesday","2019-01-16 06","2019-01",30.21,45,NA,"BR:1 ||", 93,"OVC:08 5",29.52, 2.00,"170",NA, 6, 6, 1,"2019-01-16 Wednesday","2019-01 Wednesday",3,2019-01-19,2019-01-16,55.21446
2019-01-17, 752,"2019-01-17 06:21:40","DEDM (101.1LB)","Thursday","2019-01-17 06","2019-01",30.12,46,NA,NA, 82,"OVC:08 13",29.43,10.00,"290","17", 8, 6,21,"2019-01-17 Thursday","2019-01 Thursday",4,2019-01-19,2019-01-17,53.28723
2019-01-18,1439,"2019-01-18 08:56:15","DEDM (101.3LB)","Friday","2019-01-18 08","2019-01",29.99,45,NA,NA, 93,"BKN:07 240",29.30,10.00,"130",NA, 8, 8,56,"2019-01-18 Friday","2019-01 Friday",5,2019-01-19,2019-01-18,57.90757
2019-01-19, 684,"2019-01-19 00:00:50","DEDM (101.1LB)","Saturday","2019-01-19 00","2019-01",29.90,33,NA,NA, 80,"BKN:07 16 OVC:08 22",29.21,10.00,"320","37",26, 0, 0,"2019-01-19 Saturday","2019-01 Saturday",6,2019-01-19,2019-01-19,35.07018
2019-01-20, 714,"2019-01-20 12:40:11","DEDM (101.2LB)","Sunday","2019-01-20 12","2019-01",30.37,19,NA,NA, 42,"*",29.67,10.00,"000",NA, 0,12,40,"2019-01-20 Sunday","2019-01 Sunday",0,2019-01-26,2019-01-20,44.92157
2019-01-21, 768,"2019-01-21 07:24:51","DEDM (101.3LB)","Monday","2019-01-21 07","2019-01",30.16,28,NA,NA, 70,"*",29.47,10.00,"150","18",13, 7,24,"2019-01-21 Monday","2019-01 Monday",1,2019-01-26,2019-01-21,50.57812
2019-01-22,1783,"2019-01-22 06:00:43","DEDM (101.1LB)","Tuesday","2019-01-22 06","2019-01",29.83,50,NA,NA, 82,"BKN:07 22 OVC:08 38",29.14,10.00,"150","20",13, 6, 0,"2019-01-22 Tuesday","2019-01 Tuesday",2,2019-01-26,2019-01-22,54.90466
2019-01-23,1882,"2019-01-23 07:15:56","DEDM (101.2LB)","Wednesday","2019-01-23 07","2019-01",30.17,19,NA,NA, 69,"*",29.48,10.00,"300","21",11, 7,15,"2019-01-23 Wednesday","2019-01 Wednesday",3,2019-01-26,2019-01-23,40.32731
2019-01-24,1642,"2019-01-24 08:57:12","DEDM (101.3LB)","Thursday","2019-01-24 08","2019-01",30.13,23,NA,NA, 52,"*",29.44,10.00,"200",NA, 3, 8,57,"2019-01-24 Thursday","2019-01 Thursday",4,2019-01-26,2019-01-24,50.20706
2019-01-25,1619,"2019-01-25 07:34:04","DEDM (101.3LB)","Friday","2019-01-25 07","2019-01",30.34,21,NA,NA, 69,"*",29.64,10.00,"050",NA, 7, 7,34,"2019-01-25 Friday","2019-01 Friday",5,2019-01-26,2019-01-25,43.94812
2019-01-26, 709,"2019-01-26 08:47:42","DEDM (101.3LB)","Saturday","2019-01-26 08","2019-01",30.26,28,NA,NA, 70,"SCT:04 43 OVC:08 50",29.57,10.00,"340",NA, 3, 8,47,"2019-01-26 Saturday","2019-01 Saturday",6,2019-01-26,2019-01-26,53.18195
2019-01-27, 868,"2019-01-27 12:59:47","DEDM (101.3LB)","Sunday","2019-01-27 12","2019-01",30.19,28,NA,NA, 38,"*",29.49,10.00,"330",NA, 7,12,59,"2019-01-27 Sunday","2019-01 Sunday",0,2019-02-02,2019-01-27,56.74078
2019-01-28,2180,"2019-01-28 08:03:49","DEDM (101.2LB)","Monday","2019-01-28 08","2019-01",29.79,36,NA,NA, 76,"*",29.10,10.00,"150",NA, 7, 8, 3,"2019-01-28 Monday","2019-01 Monday",1,2019-02-02,2019-01-28,50.60780
2019-01-29,1783,"2019-01-29 06:01:42","DEDM (101.2LB)","Tuesday","2019-01-29 06","2019-01",30.33,21,NA,NA, 69,"*",29.63,10.00,"330",NA, 3, 6, 1,"2019-01-29 Tuesday","2019-01 Tuesday",2,2019-02-02,2019-01-29,42.35165
2019-01-30,1838,"2019-01-30 05:58:52","DEDM (101.1LB)","Wednesday","2019-01-30 05","2019-01",30.31,19,NA,NA, 45,"*",29.61,10.00,"160",NA, 7, 5,58,"2019-01-30 Wednesday","2019-01 Wednesday",3,2019-02-02,2019-01-30,45.16866
2019-01-31,1588,"2019-01-31 06:09:54","DEDM (101.1LB)","Thursday","2019-01-31 06","2019-01",30.14,30,NA,NA, 61,"*",29.45,10.00,"140",NA, 7, 6, 9,"2019-01-31 Thursday","2019-01 Thursday",4,2019-02-02,2019-01-31,50.31549
2019-02-01,1548,"2019-02-01 07:58:06","DEDM (101.3LB)","Friday","2019-02-01 07","2019-02",30.17,54,NA,"BR:1 ||", 94,"BKN:07 3 BKN:07 11 BKN:07 32",29.48, 5.00,"160",NA,10, 7,58,"2019-02-01 Friday","2019-02 Friday",5,2019-02-02,2019-02-01,58.88889
2019-02-02, 642,"2019-02-02 08:32:59","DEDM (101.2LB)","Saturday","2019-02-02 08","2019-02",30.13,52,NA,NA, 88,"OVC:08 9",29.44,10.00,"140",NA, 5, 8,32,"2019-02-02 Saturday","2019-02 Saturday",6,2019-02-02,2019-02-02,61.48754
2019-02-03, 385,"2019-02-03 14:11:56","DEDM (101.2LB)","Sunday","2019-02-03 14","2019-02",29.78,57,NA,NA, 64,"BKN:07 27",29.09,10.00,"190","24",15,14,11,"2019-02-03 Sunday","2019-02 Sunday",0,2019-02-09,2019-02-03,68.64935
2019-02-04,1904,"2019-02-04 07:48:29","DEDM (101.3LB)","Monday","2019-02-04 07","2019-02",29.81,59,NA,"BR:1 ||", 88,"BKN:07 6 BKN:07 10",29.12, 4.00,"190",NA, 9, 7,48,"2019-02-04 Monday","2019-02 Monday",1,2019-02-09,2019-02-04,72.53256
2019-02-05,1997,"2019-02-05 06:20:57","DEDM (101.3LB)","Tuesday","2019-02-05 06","2019-02",29.91,63,NA,NA, 94,"BKN:07 6 BKN:07 22",29.22, 3.00,"170",NA, 9, 6,20,"2019-02-05 Tuesday","2019-02 Tuesday",2,2019-02-09,2019-02-05,72.22934
2019-02-06,2018,"2019-02-06 05:56:28","DEDM (101.3LB)","Wednesday","2019-02-06 05","2019-02",29.84,64,NA,NA, 83,"BKN:07 14 BKN:07 20 BKN:07 30",29.15, 7.00,"180",NA, 9, 5,56,"2019-02-06 Wednesday","2019-02 Wednesday",3,2019-02-09,2019-02-06,72.62884
2019-02-07,1469,"2019-02-07 08:01:30","DEDM (101.3LB)","Thursday","2019-02-07 08","2019-02",30.09,32,NA,NA, 87,"OVC:08 9",29.40,10.00,"320","30",18, 8, 1,"2019-02-07 Thursday","2019-02 Thursday",4,2019-02-09,2019-02-07,34.61538
2019-02-08,1328,"2019-02-08 07:40:11","DEDM (101.2LB)","Friday","2019-02-08 07","2019-02",30.63,12,NA,NA, 63,"SCT:04 190",29.93,10.00,"020",NA,17, 7,40,"2019-02-08 Friday","2019-02 Friday",5,2019-02-09,2019-02-08,31.97214
2019-02-09, 652,"2019-02-09 08:24:42","DEDM (101.2LB)","Saturday","2019-02-09 08","2019-02",30.58,21,NA,NA, 56,"OVC:08 50",29.88,10.00,"060",NA, 9, 8,24,"2019-02-09 Saturday","2019-02 Saturday",6,2019-02-09,2019-02-09,35.80368
2019-02-10, 953,"2019-02-10 13:56:08","DEDM (101.3LB)","Sunday","2019-02-10 13","2019-02",30.14,41,NA,NA, 93,"OVC:08 4",29.45, 1.00,"160",NA, 5,13,56,"2019-02-10 Sunday","2019-02 Sunday",0,2019-02-16,2019-02-10,43.00000
2019-02-11,1924,"2019-02-11 06:16:24","DEDM (101.3LB)","Monday","2019-02-11 06","2019-02",29.87,48,NA,NA, 94,"OVC:08 4",29.18, 3.00,"180",NA,10, 6,16,"2019-02-11 Monday","2019-02 Monday",1,2019-02-16,2019-02-11,56.12318
2019-02-12,1947,"2019-02-12 07:54:47","DEDM (101.3LB)","Tuesday","2019-02-12 07","2019-02",30.21,34,NA,NA, 71,"*",29.52,10.00,"320","25",18, 7,54,"2019-02-12 Tuesday","2019-02 Tuesday",2,2019-02-16,2019-02-12,48.47406
2019-02-13,1809,"2019-02-13 06:05:19","DEDM (101.3LB)","Wednesday","2019-02-13 06","2019-02",30.25,28,NA,NA, 70,"*",29.55,10.00,"150",NA, 8, 6, 5,"2019-02-13 Wednesday","2019-02 Wednesday",3,2019-02-16,2019-02-13,54.62134
2019-02-14,1396,"2019-02-14 07:58:04","DEDM (101.3LB)","Thursday","2019-02-14 07","2019-02",29.81,46,NA,NA, 77,"SCT:04 22",29.12,10.00,"180","29",15, 7,58,"2019-02-14 Thursday","2019-02 Thursday",4,2019-02-16,2019-02-14,62.87106
2019-02-15,1422,"2019-02-15 05:34:34","DEDM (101.2LB)","Friday","2019-02-15 05","2019-02",29.71,52,NA,NA, 94,"*",29.03,10.00,"080",NA, 6, 5,34,"2019-02-15 Friday","2019-02 Friday",5,2019-02-16,2019-02-15,61.36990
2019-02-16, 638,"2019-02-16 08:46:19","DEDM (101.1LB)","Saturday","2019-02-16 08","2019-02",29.91,30,NA,NA, 87,"OVC:08 7",29.22,10.00,"030","*", 8, 8,46,"2019-02-16 Saturday","2019-02 Saturday",6,2019-02-16,2019-02-16,39.65361
2019-02-17,1005,"2019-02-17 10:49:16","DEDM (101.1LB)","Sunday","2019-02-17 10","2019-02",30.01,32,NA,NA, 57,"*",29.32,10.00,"350","17",13,10,49,"2019-02-17 Sunday","2019-02 Sunday",0,2019-02-23,2019-02-17,47.54428
2019-02-18,1722,"2019-02-18 06:43:43","DEDM (101.3LB)","Monday","2019-02-18 06","2019-02",30.32,21,NA,NA, 64,"SCT:04 250 BKN:07 300",29.62,10.00,"020","20",13, 6,43,"2019-02-18 Monday","2019-02 Monday",1,2019-02-23,2019-02-18,38.53194
2019-02-19,1525,"2019-02-19 06:00:27","DEDM (101.2LB)","Tuesday","2019-02-19 06","2019-02",30.17,30,NA,NA, 81,"BKN:07 17 OVC:08 27",29.48,10.00,"060","*", 9, 6, 0,"2019-02-19 Tuesday","2019-02 Tuesday",2,2019-02-23,2019-02-19,37.02164
2019-02-20,1861,"2019-02-20 08:58:37","DEDM (101.2LB)","Wednesday","2019-02-20 08","2019-02",30.01,34,NA,NA, 81,"OVC:08 9",29.32,10.00,"300",NA, 6, 8,58,"2019-02-20 Wednesday","2019-02 Wednesday",3,2019-02-23,2019-02-20,46.81139
2019-02-21,1434,"2019-02-21 08:18:56","DEDM (101.2LB)","Thursday","2019-02-21 08","2019-02",30.01,36,NA,NA, 71,"BKN:07 150 BKN:07 250",29.32,13.00,"090",NA, 8, 8,18,"2019-02-21 Thursday","2019-02 Thursday",4,2019-02-23,2019-02-21,48.08996
2019-02-22,1332,"2019-02-22 07:58:51","DEDM (101.3LB)","Friday","2019-02-22 07","2019-02",30.02,45,NA,"-RA:02 |RA |RA", 93,"OVC:08 3",29.33, 0.75,"000",NA, 0, 7,58,"2019-02-22 Friday","2019-02 Friday",5,2019-02-23,2019-02-22,48.51877
2019-02-23, 635,"2019-02-23 08:57:55","DEDM (101.3LB)","Saturday","2019-02-23 08","2019-02",29.81,52,NA,"BR:1 ||", 94,"OVC:08 5",29.12, 5.00,"240","21",14, 8,57,"2019-02-23 Saturday","2019-02 Saturday",6,2019-02-23,2019-02-23,62.67087
2019-02-24, 952,"2019-02-24 12:44:30","DEDM (101.2LB)","Sunday","2019-02-24 12","2019-02",30.39,23,NA,NA, 28,"*",29.69,10.00,"330","*",10,12,44,"2019-02-24 Sunday","2019-02 Sunday",0,2019-03-02,2019-02-24,55.30147
2019-02-25,1895,"2019-02-25 07:12:42","DEDM (101.2LB)","Monday","2019-02-25 07","2019-02",30.31,27,NA,NA, 53,"*",29.61,10.00,"100",NA, 9, 7,12,"2019-02-25 Monday","2019-02 Monday",1,2019-03-02,2019-02-25,56.42111
2019-02-26,1677,"2019-02-26 06:00:36","DEDM (101.1LB)","Tuesday","2019-02-26 06","2019-02",30.18,45,NA,NA, 77,"OVC:08 17",29.49,10.00,"140",NA, 7, 6, 0,"2019-02-26 Tuesday","2019-02 Tuesday",2,2019-03-02,2019-02-26,56.80680
2019-02-27,1853,"2019-02-27 07:56:28","DEDM (101.3LB)","Wednesday","2019-02-27 07","2019-02",30.10,57,NA,"BR:1 ||", 94,"OVC:08 2",29.41, 2.00,"000",NA, 0, 7,56,"2019-02-27 Wednesday","2019-02 Wednesday",3,2019-03-02,2019-02-27,47.09282
2019-02-28,1300,"2019-02-28 05:48:09","DEDM (101.3LB)","Thursday","2019-02-28 05","2019-02",30.16,28,NA,"-FZ:8 DZ:01 BR:1 |FZDZ |FZDZ", 93,"OVC:08 6",29.47, 2.50,"320",NA, 9, 5,48,"2019-02-28 Thursday","2019-02 Thursday",4,2019-03-02,2019-02-28,35.91692
2019-03-01,1382,"2019-03-01 06:02:24","DEDM (101.1LB)","Friday","2019-03-01 06","2019-03",30.12,28,NA,NA, 81,"OVC:08 21",29.43,10.00,"000",NA, 0, 6, 2,"2019-03-01 Friday","2019-03 Friday",5,2019-03-02,2019-03-01,39.49711
2019-03-02, 695,"2019-03-02 08:49:44","DEDM (101.3LB)","Saturday","2019-03-02 08","2019-03",30.15,34,NA,NA, 87,"OVC:08 12",29.46,10.00,"010",NA,11, 8,49,"2019-03-02 Saturday","2019-03 Saturday",6,2019-03-02,2019-03-02,41.71655
2019-03-03, 942,"2019-03-03 14:59:53","DEDM (101.3LB)","Sunday","2019-03-03 14","2019-03",30.21,27,NA,NA, 65,"OVC:08 25",29.52,10.00,"350","25",20,14,59,"2019-03-03 Sunday","2019-03 Sunday",0,2019-03-09,2019-03-03,32.64331
2019-03-04,1727,"2019-03-04 07:55:36","DEDM (101.2LB)","Monday","2019-03-04 07","2019-03",30.43,10,NA,NA, 63,"SCT:04 75 SCT:04 90",29.73,10.00,"350","21",11, 7,55,"2019-03-04 Monday","2019-03 Monday",1,2019-03-09,2019-03-04,25.75159
2019-03-05,1626,"2019-03-05 05:47:47","DEDM (101.2LB)","Tuesday","2019-03-05 05","2019-03",30.53, 9,NA,NA, 54,"*",29.83,10.00,"330",NA, 9, 5,47,"2019-03-05 Tuesday","2019-03 Tuesday",2,2019-03-09,2019-03-05,37.05781
2019-03-06,1597,"2019-03-06 08:08:36","DEDM (101.3LB)","Wednesday","2019-03-06 08","2019-03",30.50,19,NA,NA, 45,NA,NA,10.00,"140",NA, 5, 8, 8,"2019-03-06 Wednesday","2019-03 Wednesday",3,2019-03-09,2019-03-06,46.94615
2019-03-07,1072,"2019-03-07 06:03:20","DEDM (101.3LB)","Thursday","2019-03-07 06","2019-03",30.10,46,NA,NA, 82,"OVC:08 10",29.41,10.00,"170","21",14, 6, 3,"2019-03-07 Thursday","2019-03 Thursday",4,2019-03-09,2019-03-07,62.71269
2019-03-08, 804,"2019-03-08 06:54:15","DEDM (101.2LB)","Friday","2019-03-08 06","2019-03",29.87,57,NA,NA, 88,"SCT:04 10",29.18,10.00,"210",NA, 7, 6,54,"2019-03-08 Friday","2019-03 Friday",5,2019-03-09,2019-03-08,72.55100
2019-03-09, 328,"2019-03-09 08:11:20","DEDM (101.3LB)","Saturday","2019-03-09 08","2019-03",29.67,61,NA,NA, 88,"OVC:08 23",28.99,10.00,"260",NA, 6, 8,11,"2019-03-09 Saturday","2019-03 Saturday",6,2019-03-09,2019-03-09,70.37500
2019-03-10, 184,"2019-03-10 13:05:50","DEDM (101.3LB)","Sunday","2019-03-10 13","2019-03",30.09,39,NA,NA, 51,"SCT:04 120",29.40,10.00,"080","20",14,13, 5,"2019-03-10 Sunday","2019-03 Sunday",0,2019-03-16,2019-03-10,56.07065
2019-03-11, 452,"2019-03-11 07:24:12","DEDM (101.1LB)","Monday","2019-03-11 07","2019-03",30.25,45,NA,NA, 77,"BKN:07 21 OVC:08 26",29.55,10.00,"080","18",10, 7,24,"2019-03-11 Monday","2019-03 Monday",1,2019-03-16,2019-03-11,58.57743
2019-03-12, 471,"2019-03-12 08:32:16","DEDM (101.1LB)","Tuesday","2019-03-12 08","2019-03",30.16,55,NA,"DZ:01 |DZ |DZ DZ", 94,"OVC:08 3",29.47, 2.00,"110","25",16, 8,32,"2019-03-12 Tuesday","2019-03 Tuesday",2,2019-03-16,2019-03-12,62.00637
2019-03-13, 466,"2019-03-13 07:04:43","DEDM (101.3LB)","Wednesday","2019-03-13 07","2019-03",29.70,52,NA,"-RA:02 |RA |RA", 88,"FEW:02 10 SCT:04 60 OVC:08 80",29.02, 9.00,"170","18",11, 7, 4,"2019-03-13 Wednesday","2019-03 Wednesday",3,2019-03-16,2019-03-13,63.73176
2019-03-14,   1,"2019-03-14 01:05:46","DEDM (101.3LB)","Thursday","2019-03-14 01","2019-03",29.68,50,NA,NA, 57,"SCT:04 100",29.00,10.00,"250","17", 9, 1, 5,"2019-03-14 Thursday","2019-03 Thursday",4,2019-03-16,2019-03-14,65.00000
2019-03-15, 460,"2019-03-15 06:00:46","DEDM (101.2LB)","Friday","2019-03-15 06","2019-03",30.37,25,NA,NA, 49,"*",29.67,10.00,"350",NA,11, 6, 0,"2019-03-15 Friday","2019-03 Friday",5,2019-03-16,2019-03-15,53.89565
2019-03-16, 236,"2019-03-16 08:00:27","DEDM (101.2LB)","Saturday","2019-03-16 08","2019-03",30.48,19,NA,NA, 37,"*",29.78,10.00,"060",NA, 8, 8, 0,"2019-03-16 Saturday","2019-03 Saturday",6,2019-03-16,2019-03-16,55.42373
2019-03-17, 456,"2019-03-17 14:56:58","DEDM (101.3LB)","Sunday","2019-03-17 14","2019-03",30.34,27,NA,NA, 24,"*",29.64,10.00,"000",NA, 0,14,56,"2019-03-17 Sunday","2019-03 Sunday",0,2019-03-23,2019-03-17,61.87500
2019-03-18,2053,"2019-03-18 07:59:25","DEDM (101.2LB)","Monday","2019-03-18 07","2019-03",30.34,32,NA,NA, 36,"*",29.64,10.00,"110",NA, 3, 7,59,"2019-03-18 Monday","2019-03 Monday",1,2019-03-23,2019-03-18,63.19045
2019-03-19,1823,"2019-03-19 06:02:22","DEDM (101.2LB)","Tuesday","2019-03-19 06","2019-03",30.27,37,NA,NA, 51,"*",29.57,10.00,"180",NA, 3, 6, 2,"2019-03-19 Tuesday","2019-03 Tuesday",2,2019-03-23,2019-03-19,63.29512
2019-03-20,1723,"2019-03-20 07:07:16","DEDM (101.2LB)","Wednesday","2019-03-20 07","2019-03",30.26,41,NA,NA, 51,"*",29.57,10.00,"280",NA, 5, 7, 7,"2019-03-20 Wednesday","2019-03 Wednesday",3,2019-03-23,2019-03-20,59.98665
2019-03-21,1557,"2019-03-21 05:47:10","DEDM (101.2LB)","Thursday","2019-03-21 05","2019-03",30.20,37,NA,NA, 66,"*",29.51,10.00,"000",NA, 0, 5,47,"2019-03-21 Thursday","2019-03 Thursday",4,2019-03-23,2019-03-21,68.61464
2019-03-22,1416,"2019-03-22 07:18:26","DEDM (101.3LB)","Friday","2019-03-22 07","2019-03",30.20,34,NA,NA, 34,"*",29.51,10.00,"100",NA,11, 7,18,"2019-03-22 Friday","2019-03 Friday",5,2019-03-23,2019-03-22,69.97811
2019-03-23, 601,"2019-03-23 08:05:39","DEDM (101.2LB)","Saturday","2019-03-23 08","2019-03",30.08,54,NA,"-RA:02 |RA |RA", 77,"BKN:07 55",29.39,10.00,"170",NA, 9, 8, 5,"2019-03-23 Saturday","2019-03 Saturday",6,2019-03-23,2019-03-23,65.90682
2019-03-24, 756,"2019-03-24 07:52:26","DEDM (101.2LB)","Sunday","2019-03-24 07","2019-03",30.03,59,NA,NA, 88,"*",29.34,10.00,"170",NA, 8, 7,52,"2019-03-24 Sunday","2019-03 Sunday",0,2019-03-30,2019-03-24,76.68783
2019-03-25,1956,"2019-03-25 07:08:07","DEDM (101.2LB)","Monday","2019-03-25 07","2019-03",30.13,46,NA,NA, 72,"*",29.44,10.00,"010",NA, 6, 7, 8,"2019-03-25 Monday","2019-03 Monday",1,2019-03-30,2019-03-25,66.79294
2019-03-26,1709,"2019-03-26 07:18:35","DEDM (101.3LB)","Tuesday","2019-03-26 07","2019-03",30.33,45,NA,NA, 77,"*",29.63,13.00,"020",NA, 7, 7,18,"2019-03-26 Tuesday","2019-03 Tuesday",2,2019-03-30,2019-03-26,63.03569
2019-03-27,1798,"2019-03-27 06:19:40","DEDM (101.3LB)","Wednesday","2019-03-27 06","2019-03",30.32,45,NA,NA, 55,"*",29.62,13.00,"160","21",13, 6,19,"2019-03-27 Wednesday","2019-03 Wednesday",3,2019-03-30,2019-03-27,66.68521
2019-03-28,1424,"2019-03-28 07:37:28","DEDM (101.2LB)","Thursday","2019-03-28 07","2019-03",30.17,50,NA,NA, 72,"BKN:07 60",29.48,13.00,"190","25",16, 7,37,"2019-03-28 Thursday","2019-03 Thursday",4,2019-03-30,2019-03-28,70.66503
2019-03-29,1436,"2019-03-29 07:40:54","DEDM (101.3LB)","Friday","2019-03-29 07","2019-03",29.99,57,NA,NA, 73,"SCT:04 25",29.30,10.00,"150","23",17, 7,40,"2019-03-29 Friday","2019-03 Friday",5,2019-03-30,2019-03-29,70.16992
2019-03-30, 607,"2019-03-30 07:42:04","DEDM (101.1LB)","Saturday","2019-03-30 07","2019-03",30.07,43,NA,NA, 76,"OVC:08 16",29.38,10.00,"330","30",21, 7,42,"2019-03-30 Saturday","2019-03 Saturday",6,2019-03-30,2019-03-30,50.50412
2019-03-31, 807,"2019-03-31 13:01:02","DEDM (101.2LB)","Sunday","2019-03-31 13","2019-03",30.30,27,NA,NA, 35,NA,NA,10.00,"VRB","20",10,13, 1,"2019-03-31 Sunday","2019-03 Sunday",0,2019-04-06,2019-03-31,51.12268
2019-04-01,1790,"2019-04-01 05:59:03","DEDM (101.2LB)","Monday","2019-04-01 05","2019-04",30.28,27,NA,NA, 53,"*",29.58,10.00,"000",NA, 0, 5,59,"2019-04-01 Monday","2019-04 Monday",1,2019-04-06,2019-04-01,53.96089
2019-04-02,1509,"2019-04-02 07:56:19","DEDM (101.2LB)","Tuesday","2019-04-02 07","2019-04",30.17,34,NA,NA, 71,"*",29.48,10.00,"170",NA, 6, 7,56,"2019-04-02 Tuesday","2019-04 Tuesday",2,2019-04-06,2019-04-02,60.47250
2019-04-03,1650,"2019-04-03 08:32:18","DEDM (101.3LB)","Wednesday","2019-04-03 08","2019-04",30.14,41,NA,NA, 67,"BKN:07 250",29.45,10.00,"170",NA, 8, 8,32,"2019-04-03 Wednesday","2019-04 Wednesday",3,2019-04-06,2019-04-03,62.78061
2019-04-04,1488,"2019-04-04 07:54:53","DEDM (101.2LB)","Thursday","2019-04-04 07","2019-04",29.98,59,NA,"-DZ:01 |DZ |DZ", 88,"OVC:08 5",29.29, 7.00,"160",NA, 7, 7,54,"2019-04-04 Thursday","2019-04 Thursday",4,2019-04-06,2019-04-04,73.68078
2019-04-05,1351,"2019-04-05 06:42:20","DEDM (101.2LB)","Friday","2019-04-05 06","2019-04",30.03,54,NA,NA, 94,"FEW:02 5 BKN:07 260",29.34,10.00,"080",NA, 7, 6,42,"2019-04-05 Friday","2019-04 Friday",5,2019-04-06,2019-04-05,71.71281
2019-04-06, 541,"2019-04-06 08:45:42","DEDM (101.3LB)","Saturday","2019-04-06 08","2019-04",29.93,63,NA,"BR:1 ||", 88,"OVC:08 6",29.24, 4.00,"100",NA,11, 8,45,"2019-04-06 Saturday","2019-04 Saturday",6,2019-04-06,2019-04-06,62.22736
2019-04-07, 795,"2019-04-07 14:59:03","DEDM (101.1LB)","Sunday","2019-04-07 14","2019-04",29.85,64,NA,NA, 78,"BKN:07 16 BKN:07 22",29.16, 5.00,"000",NA, 0,14,59,"2019-04-07 Sunday","2019-04 Sunday",0,2019-04-13,2019-04-07,69.36855
2019-04-08,1857,"2019-04-08 08:48:24","DEDM (101.2LB)","Monday","2019-04-08 08","2019-04",29.92,57,NA,NA, 88,"*",29.23,10.00,"320",NA, 9, 8,48,"2019-04-08 Monday","2019-04 Monday",1,2019-04-13,2019-04-08,77.37318
2019-04-09,1780,"2019-04-09 08:08:34","DEDM (101.2LB)","Tuesday","2019-04-09 08","2019-04",29.96,50,NA,NA, 47,"*",29.27,10.00,"000",NA, 0, 8, 8,"2019-04-09 Tuesday","2019-04 Tuesday",2,2019-04-13,2019-04-09,80.71573
2019-04-10,1939,"2019-04-10 07:53:45","DEDM (101.3LB)","Wednesday","2019-04-10 07","2019-04",29.70,52,NA,NA, 50,"BKN:07 250",29.02,10.00,"160","24",17, 7,53,"2019-04-10 Wednesday","2019-04 Wednesday",3,2019-04-13,2019-04-10,83.17741
2019-04-11,1445,"2019-04-11 08:19:18","DEDM (101.2LB)","Thursday","2019-04-11 08","2019-04",29.59,50,NA,NA, 56,"*",28.91,10.00,"250",NA, 5, 8,19,"2019-04-11 Thursday","2019-04 Thursday",4,2019-04-13,2019-04-11,59.99792
2019-04-12,1407,"2019-04-12 06:23:03","DEDM (101.2LB)","Friday","2019-04-12 06","2019-04",29.91,30,NA,NA, 50,"*",29.22,10.00,"060",NA, 5, 6,23,"2019-04-12 Friday","2019-04 Friday",5,2019-04-13,2019-04-12,64.61478
2019-04-13, 551,"2019-04-13 08:53:31","DEDM (101.2LB)","Saturday","2019-04-13 08","2019-04",29.64,54,NA,"RA:02 |RA |RA RA", 94,"OVC:08 6",28.96,10.00,"060","30",16, 8,53,"2019-04-13 Saturday","2019-04 Saturday",6,2019-04-13,2019-04-13,54.13793
2019-04-14, 653,"2019-04-14 14:48:45","DEDM (101.2LB)","Sunday","2019-04-14 14","2019-04",29.95,34,NA,NA, 30,"*",29.26,10.00,"260",NA, 9,14,48,"2019-04-14 Sunday","2019-04 Sunday",0,2019-04-20,2019-04-14,63.50995
2019-04-15,1821,"2019-04-15 06:55:27","DEDM (101.2LB)","Monday","2019-04-15 06","2019-04",29.99,43,NA,NA, 63,"*",29.30,10.00,"160","21",14, 6,55,"2019-04-15 Monday","2019-04 Monday",1,2019-04-20,2019-04-15,69.78583
2019-04-16,1552,"2019-04-16 07:56:33","DEDM (101.3LB)","Tuesday","2019-04-16 07","2019-04",30.00,57,NA,NA, 83,"SCT:04 20",29.31,10.00,"170","21",13, 7,56,"2019-04-16 Tuesday","2019-04 Tuesday",2,2019-04-20,2019-04-16,72.19716
2019-04-17,1395,"2019-04-17 07:09:21","DEDM (101.3LB)","Wednesday","2019-04-17 07","2019-04",29.83,64,NA,NA, 88,"OVC:08 9",29.14,10.00,"140","16",11, 7, 9,"2019-04-17 Wednesday","2019-04 Wednesday",3,2019-04-20,2019-04-17,74.46810
2019-04-18,1148,"2019-04-18 07:35:23","DEDM (101.3LB)","Thursday","2019-04-18 07","2019-04",29.77,59,NA,NA, 88,"SCT:04 9 BKN:07 11 BKN:07 38",29.08,10.00,"050",NA, 5, 7,35,"2019-04-18 Thursday","2019-04 Thursday",4,2019-04-20,2019-04-18,64.86324
2019-04-19, 427,"2019-04-19 11:49:56","DEDM (101.3LB)","Friday","2019-04-19 11","2019-04",30.12,41,NA,NA, 48,"BKN:07 46 BKN:07 55",29.43,10.00,"330","32",16,11,49,"2019-04-19 Friday","2019-04 Friday",5,2019-04-20,2019-04-19,63.83372
2019-04-20, 458,"2019-04-20 10:00:50","DEDM (101.2LB)","Saturday","2019-04-20 10","2019-04",30.11,39,NA,NA, 37,"*",29.42,10.00,"200",NA,10,10, 0,"2019-04-20 Saturday","2019-04 Saturday",6,2019-04-20,2019-04-20,72.20961
2019-04-22,1626,"2019-04-22 06:03:14","DEDM (101.2LB)","Monday","2019-04-22 06","2019-04",30.02,59,NA,NA, 83,"SCT:04 17 OVC:08 23",29.33,10.00,"170",NA,13, 6, 3,"2019-04-22 Monday","2019-04 Monday",1,2019-04-27,2019-04-22,73.12239
2019-04-23,1516,"2019-04-23 06:17:45","DEDM (101.2LB)","Tuesday","2019-04-23 06","2019-04",30.01,61,NA,NA, 83,"BKN:07 50",29.32,10.00,"150",NA,13, 6,17,"2019-04-23 Tuesday","2019-04 Tuesday",2,2019-04-27,2019-04-23,71.07388
2019-04-24,1525,"2019-04-24 07:04:25","DEDM (101.3LB)","Wednesday","2019-04-24 07","2019-04",29.91,59,NA,"-RA:02 |RA |RA", 94,"BKN:07 7 BKN:07 55 OVC:08 100",29.22,10.00,"160",NA, 6, 7, 4,"2019-04-24 Wednesday","2019-04 Wednesday",3,2019-04-27,2019-04-24,64.00066
2019-04-25,1526,"2019-04-25 06:36:30","DEDM (101.3LB)","Thursday","2019-04-25 06","2019-04",29.85,59,NA,NA, 83,"*",29.16,10.00,"280",NA, 6, 6,36,"2019-04-25 Thursday","2019-04 Thursday",4,2019-04-27,2019-04-25,74.91612
2019-04-26,1264,"2019-04-26 07:02:42","DEDM (101.3LB)","Friday","2019-04-26 07","2019-04",30.18,45,NA,NA, 55,"*",29.49,10.00,"020",NA, 8, 7, 2,"2019-04-26 Friday","2019-04 Friday",5,2019-04-27,2019-04-26,71.52927
2019-04-27, 575,"2019-04-27 08:44:36","DEDM (101.3LB)","Saturday","2019-04-27 08","2019-04",29.92,52,NA,NA, 64,"*",29.23,10.00,"160",NA,11, 8,44,"2019-04-27 Saturday","2019-04 Saturday",6,2019-04-27,2019-04-27,76.47826
2019-04-28, 522,"2019-04-28 13:00:47","DEDM (101.2LB)","Sunday","2019-04-28 13","2019-04",29.87,64,NA,NA, 61,"BKN:07 35",29.18,13.00,"170","34",21,13, 0,"2019-04-28 Sunday","2019-04 Sunday",0,2019-05-04,2019-04-28,77.65900
2019-04-29,1659,"2019-04-29 06:00:26","DEDM (101.3LB)","Monday","2019-04-29 06","2019-04",NA,NA,NA,NA,NA,NA,NA,NA,NA,NA,NA, 6, 0,"2019-04-29 Monday","2019-04 Monday",1,2019-05-04,2019-04-29,76.23448
2019-04-30,1422,"2019-04-30 06:04:10","DEDM (101.3LB)","Tuesday","2019-04-30 06","2019-04",29.93,68,NA,NA, 83,"OVC:08 12",29.24, 7.00,"150","18",14, 6, 4,"2019-04-30 Tuesday","2019-04 Tuesday",2,2019-05-04,2019-04-30,77.67089
2019-05-01,1514,"2019-05-01 08:06:16","DEDM (101.2LB)","Wednesday","2019-05-01 08","2019-05",29.89,70,NA,NA, 89,"OVC:08 13",29.20, 9.00,"190","17",13, 8, 6,"2019-05-01 Wednesday","2019-05 Wednesday",3,2019-05-04,2019-05-01,77.07728
2019-05-02,1341,"2019-05-02 08:04:29","DEDM (101.2LB)","Thursday","2019-05-02 08","2019-05",30.07,61,NA,NA, 88,"*",29.38,10.00,"330","17",10, 8, 4,"2019-05-02 Thursday","2019-05 Thursday",4,2019-05-04,2019-05-02,69.75988
2019-05-03,1283,"2019-05-03 07:57:56","DEDM (101.3LB)","Friday","2019-05-03 07","2019-05",29.94,59,NA,NA, 83,"*",29.25,10.00,"110",NA, 8, 7,57,"2019-05-03 Friday","2019-05 Friday",5,2019-05-04,2019-05-03,75.30553
2019-05-04, 590,"2019-05-04 01:30:46","DEDM (101.1LB)","Saturday","2019-05-04 01","2019-05",29.86,61,NA,NA, 89,"OVC:08 23",29.17,10.00,"020",NA, 7, 1,30,"2019-05-04 Saturday","2019-05 Saturday",6,2019-05-04,2019-05-04,71.37627
2019-05-05, 455,"2019-05-05 13:31:43","DEDM (101.3LB)","Sunday","2019-05-05 13","2019-05",29.87,61,NA,NA, 51,"BKN:07 49",29.18,10.00,"160","18",10,13,31,"2019-05-05 Sunday","2019-05 Sunday",0,2019-05-11,2019-05-05,79.28571
2019-05-06,1233,"2019-05-06 07:59:19","DEDM (101.2LB)","Monday","2019-05-06 07","2019-05",29.91,64,NA,NA, 83,"*",29.22,10.00,"117","16",10, 7,59,"2019-05-06 Monday","2019-05 Monday",1,2019-05-11,2019-05-06,79.04785
2019-05-07, 928,"2019-05-07 06:22:41","DEDM (101.3LB)","Tuesday","2019-05-07 06","2019-05",29.98,64,NA,NA, 88,"BKN:07 16 BKN:07 26",29.29,10.00,"150",NA, 6, 6,22,"2019-05-07 Tuesday","2019-05 Tuesday",2,2019-05-11,2019-05-07,78.39332
2019-05-08, 794,"2019-05-08 07:58:58","DEDM (101.3LB)","Wednesday","2019-05-08 07","2019-05",29.81,64,NA,NA, 88,"OVC:08 8",29.12,10.00,"000",NA, 0, 7,58,"2019-05-08 Wednesday","2019-05 Wednesday",3,2019-05-11,2019-05-08,66.11713
2019-05-09, 885,"2019-05-09 08:21:13","DEDM (101.2LB)","Thursday","2019-05-09 08","2019-05",29.83,63,NA,"DZ:01 |DZ |DZ DZ", 94,"OVC:08 3",29.14, 2.00,"050",NA, 7, 8,21,"2019-05-09 Thursday","2019-05 Thursday",4,2019-05-11,2019-05-09,62.48814
2019-05-10, 683,"2019-05-10 06:24:46","DEDM (101.3LB)","Friday","2019-05-10 06","2019-05",30.10,43,NA,NA, 72,"OVC:08 30",29.41,10.00,"020","17",11, 6,24,"2019-05-10 Friday","2019-05 Friday",5,2019-05-11,2019-05-10,55.79063
2019-05-11, 465,"2019-05-11 08:02:03","DEDM (101.3LB)","Saturday","2019-05-11 08","2019-05",NA,NA,NA,NA,NA,NA,NA,NA,NA,NA,NA, 8, 2,"2019-05-11 Saturday","2019-05 Saturday",6,2019-05-11,2019-05-11,61.99140
2019-05-12, 296,"2019-05-12 12:33:06","DEDM (101.1LB)","Sunday","2019-05-12 12","2019-05",29.95,52,NA,NA, 56,"SCT:04 34",29.26,10.00,"320",NA, 9,12,33,"2019-05-12 Sunday","2019-05 Sunday",0,2019-05-18,2019-05-12,74.97635
2019-05-13, 759,"2019-05-13 07:16:50","DEDM (101.3LB)","Monday","2019-05-13 07","2019-05",30.00,57,NA,NA, 61,"*",29.31,10.00,"000",NA, 0, 7,16,"2019-05-13 Monday","2019-05 Monday",1,2019-05-18,2019-05-13,76.28722
2019-05-14, 595,"2019-05-14 08:42:52","DEDM (101.2LB)","Tuesday","2019-05-14 08","2019-05",30.03,59,NA,NA, 61,"*",29.34,10.00,"160",NA, 7, 8,42,"2019-05-14 Tuesday","2019-05 Tuesday",2,2019-05-18,2019-05-14,80.55630
2019-05-15, 486,"2019-05-15 06:48:48","DEDM (101.2LB)","Wednesday","2019-05-15 06","2019-05",30.05,63,NA,NA, 69,"*",29.36,10.00,"000",NA, 0, 6,48,"2019-05-15 Wednesday","2019-05 Wednesday",3,2019-05-18,2019-05-15,81.44856
2019-05-16, 533,"2019-05-16 07:41:00","DEDM (101.3LB)","Thursday","2019-05-16 07","2019-05",30.03,61,NA,NA, 57,"*",29.34,10.00,"210","16", 8, 7,41,"2019-05-16 Thursday","2019-05 Thursday",4,2019-05-18,2019-05-16,80.84803
2019-05-17, 439,"2019-05-17 06:19:20","DEDM (101.3LB)","Friday","2019-05-17 06","2019-05",29.88,64,NA,NA, 83,"OVC:08 13",29.19,10.00,"180","18", 9, 6,19,"2019-05-17 Friday","2019-05 Friday",5,2019-05-18,2019-05-17,80.69932
2019-05-18,   3,"2019-05-18 04:46:25","DEDM (101.2LB)","Saturday","2019-05-18 04","2019-05",29.77,69,NA,NA, 83,"OVC:08 18",29.08,10.00,"170","20",13, 4,46,"2019-05-18 Saturday","2019-05 Saturday",6,2019-05-18,2019-05-18,69.66667
2019-05-19, 186,"2019-05-19 14:19:35","DEDM (101.3LB)","Sunday","2019-05-19 14","2019-05",29.87,55,NA,NA, 37,"*",29.18,10.00,"100","38", 9,14,19,"2019-05-19 Sunday","2019-05 Sunday",0,2019-05-25,2019-05-19,83.38710
2019-05-20, 463,"2019-05-20 06:23:08","DEDM (101.2LB)","Monday","2019-05-20 06","2019-05",29.87,72,NA,NA, 89,"OVC:08 8",29.18, 7.00,"130","17",10, 6,23,"2019-05-20 Monday","2019-05 Monday",1,2019-05-25,2019-05-20,84.31533
2019-05-21, 360,"2019-05-21 06:59:39","DEDM (101.3LB)","Tuesday","2019-05-21 06","2019-05",29.68,63,NA,NA, 83,"OVC:08 70",29.00,10.00,"230",NA, 9, 6,59,"2019-05-21 Tuesday","2019-05 Tuesday",2,2019-05-25,2019-05-21,76.06667
2019-05-22, 492,"2019-05-22 07:03:14","DEDM (101.2LB)","Wednesday","2019-05-22 07","2019-05",29.74,68,NA,NA, 88,"OVC:08 5",29.05,10.00,"170","17",10, 7, 3,"2019-05-22 Wednesday","2019-05 Wednesday",3,2019-05-25,2019-05-22,83.36789
2019-05-23, 422,"2019-05-23 06:34:42","DEDM (101.3LB)","Thursday","2019-05-23 06","2019-05",29.96,72,NA,NA, 83,"SCT:04 41",29.27,10.00,"150","28",21, 6,34,"2019-05-23 Thursday","2019-05 Thursday",4,2019-05-25,2019-05-23,86.09716
2019-05-24, 391,"2019-05-24 07:30:53","DEDM (101.2LB)","Friday","2019-05-24 07","2019-05",30.01,70,NA,NA, 83,"BKN:07 17",29.32,10.00,"150","22",13, 7,30,"2019-05-24 Friday","2019-05 Friday",5,2019-05-25,2019-05-24,84.53453
2019-05-25, 213,"2019-05-25 08:10:36","DEDM (101.2LB)","Saturday","2019-05-25 08","2019-05",30.06,68,NA,NA, 74,"SCT:04 15",29.37,10.00,"160","25",15, 8,10,"2019-05-25 Saturday","2019-05 Saturday",6,2019-05-25,2019-05-25,84.51643
2019-05-26, 166,"2019-05-26 00:22:12","DEDM (101.2LB)","Sunday","2019-05-26 00","2019-05",30.03,67,NA,NA, 74,"CLR:00",29.34,10.00,"160",NA,10, 0,22,"2019-05-26 Sunday","2019-05 Sunday",0,2019-06-01,2019-05-26,86.33735
2019-05-27, 169,"2019-05-27 10:01:13","DEDM (101.2LB)","Monday","2019-05-27 10","2019-05",29.94,64,NA,NA, 55,"BKN:07 37 BKN:07 42",29.25,10.00,"200","21",10,10, 1,"2019-05-27 Monday","2019-05 Monday",1,2019-06-01,2019-05-27,84.46154
2019-05-28, 517,"2019-05-28 07:55:39","DEDM (101.3LB)","Tuesday","2019-05-28 07","2019-05",29.75,66,NA,NA, 78,"OVC:08 15",29.06,10.00,"170","23",16, 7,55,"2019-05-28 Tuesday","2019-05 Tuesday",2,2019-06-01,2019-05-28,81.68279
2019-05-29, 424,"2019-05-29 06:00:59","DEDM (101.3LB)","Wednesday","2019-05-29 06","2019-05",29.76,70,NA,NA, 79,"BKN:07 18 BKN:07 42",29.08,10.00,"180","16", 8, 6, 0,"2019-05-29 Wednesday","2019-05 Wednesday",3,2019-06-01,2019-05-29,76.74528
2019-05-30, 510,"2019-05-30 07:57:01","DEDM (101.3LB)","Thursday","2019-05-30 07","2019-05",29.96,64,NA,NA, 83,"SCT:04 7",29.27,10.00,"350",NA, 5, 7,57,"2019-05-30 Thursday","2019-05 Thursday",4,2019-06-01,2019-05-30,78.98039
2019-05-31, 368,"2019-05-31 06:22:36","DEDM (101.2LB)","Friday","2019-05-31 06","2019-05",30.08,64,NA,NA, 69,"SCT:04 100",29.39,10.00,"290",NA, 6, 6,22,"2019-05-31 Friday","2019-05 Friday",5,2019-06-01,2019-05-31,79.30978
2019-06-01, 221,"2019-06-01 08:54:22","DEDM (101.1LB)","Saturday","2019-06-01 08","2019-06",30.01,68,NA,NA, 74,"*",29.32,10.00,"230",NA, 3, 8,54,"2019-06-01 Saturday","2019-06 Saturday",6,2019-06-01,2019-06-01,82.03620
2019-06-02, 186,"2019-06-02 13:23:26","DEDM (101.3LB)","Sunday","2019-06-02 13","2019-06",29.97,66,NA,NA, 58,"*",29.28,10.00,"150",NA, 6,13,23,"2019-06-02 Sunday","2019-06 Sunday",0,2019-06-08,2019-06-02,81.16129
2019-06-03, 543,"2019-06-03 06:00:30","DEDM (101.3LB)","Monday","2019-06-03 06","2019-06",29.98,72,NA,NA, 83,"*",29.29,10.00,"150",NA, 7, 6, 0,"2019-06-03 Monday","2019-06 Monday",1,2019-06-08,2019-06-03,86.19890
2019-06-04, 536,"2019-06-04 06:09:14","DEDM (101.3LB)","Tuesday","2019-06-04 06","2019-06",29.99,72,NA,NA, 83,"*",29.30,10.00,"110",NA, 3, 6, 9,"2019-06-04 Tuesday","2019-06 Tuesday",2,2019-06-08,2019-06-04,82.33769
2019-06-05, 506,"2019-06-05 08:23:15","DEDM (101.2LB)","Wednesday","2019-06-05 08","2019-06",29.89,72,NA,NA, 89,"BKN:07 14 BKN:07 20 BKN:07 110",29.20,10.00,"130",NA, 7, 8,23,"2019-06-05 Wednesday","2019-06 Wednesday",3,2019-06-08,2019-06-05,78.01581
2019-06-06, 483,"2019-06-06 07:19:43","DEDM (101.3LB)","Thursday","2019-06-06 07","2019-06",29.76,66,NA,NA, 83,"BKN:07 8 OVC:08 120",29.08,10.00,"310",NA, 3, 7,19,"2019-06-06 Thursday","2019-06 Thursday",4,2019-06-08,2019-06-06,86.25673
2019-06-07, 454,"2019-06-07 06:27:10","DEDM (101.3LB)","Friday","2019-06-07 06","2019-06",29.78,64,NA,NA, 78,"BKN:07 14",29.09,10.00,"330","16",13, 6,27,"2019-06-07 Friday","2019-06 Friday",5,2019-06-08,2019-06-07,80.73568
2019-06-08, 284,"2019-06-08 08:26:15","DEDM (101.2LB)","Saturday","2019-06-08 08","2019-06",29.88,68,NA,NA, 74,"*",29.19,10.00,"020",NA, 3, 8,26,"2019-06-08 Saturday","2019-06 Saturday",6,2019-06-08,2019-06-08,86.82746
2019-06-09, 166,"2019-06-09 12:19:46","DEDM (101.2LB)","Sunday","2019-06-09 12","2019-06",29.98,66,NA,"TS:7 s +RA:02 s |RA s TS s |RA s TS", 94,"BKN:07 1 OVC:08 5",29.29,NA,"030","57",NA,12,19,"2019-06-09 Sunday","2019-06 Sunday",0,2019-06-15,2019-06-09,70.76506
2019-06-10, 492,"2019-06-10 07:17:35","DEDM (101.3LB)","Monday","2019-06-10 07","2019-06",30.27,55,NA,NA, 68,"*",29.57,10.00,"340","18",11, 7,17,"2019-06-10 Monday","2019-06 Monday",1,2019-06-15,2019-06-10,76.29268
2019-06-11, 523,"2019-06-11 07:26:14","DEDM (101.2LB)","Tuesday","2019-06-11 07","2019-06",30.21,54,NA,NA, 64,"*",29.52,10.00,"070",NA, 5, 7,26,"2019-06-11 Tuesday","2019-06 Tuesday",2,2019-06-15,2019-06-11,74.23327
2019-06-12, 520,"2019-06-12 05:46:23","DEDM (101.1LB)","Wednesday","2019-06-12 05","2019-06",NA,NA,NA,NA,NA,NA,NA,NA,NA,NA,NA, 5,46,"2019-06-12 Wednesday","2019-06 Wednesday",3,2019-06-15,2019-06-12,80.38269
2019-06-13, 446,"2019-06-13 06:00:28","DEDM (101.2LB)","Thursday","2019-06-13 06","2019-06",30.12,55,NA,NA, 64,"*",29.43,10.00,"020",NA, 6, 6, 0,"2019-06-13 Thursday","2019-06 Thursday",4,2019-06-15,2019-06-13,81.00897
2019-06-14, 480,"2019-06-14 03:56:35","DEDM (101.2LB)","Friday","2019-06-14 03","2019-06",30.06,56,NA,NA, 55,"CLR:00",29.37,10.00,"120",NA, 8, 3,56,"2019-06-14 Friday","2019-06 Friday",5,2019-06-15,2019-06-14,85.94583
2019-06-15, 284,"2019-06-15 07:24:52","DEDM (101.2LB)","Saturday","2019-06-15 07","2019-06",29.89,70,NA,NA, 70,"OVC:08 22",29.20,10.00,"180","23",13, 7,24,"2019-06-15 Saturday","2019-06 Saturday",6,2019-06-15,2019-06-15,90.59155
2019-06-16, 151,"2019-06-16 12:17:43","DEDM (101.1LB)","Sunday","2019-06-16 12","2019-06",29.90,68,NA,NA, 78,"BKN:07 18 BKN:07 23",29.21,10.00,"140","18",10,12,17,"2019-06-16 Sunday","2019-06 Sunday",0,2019-06-22,2019-06-16,75.13907
2019-06-17, 538,"2019-06-17 06:00:30","DEDM (101.2LB)","Monday","2019-06-17 06","2019-06",29.92,64,NA,NA, 88,"SCT:04 9",29.23,10.00,"090",NA, 6, 6, 0,"2019-06-17 Monday","2019-06 Monday",1,2019-06-22,2019-06-17,80.07993
2019-06-18, 604,"2019-06-18 07:55:18","DEDM (101.2LB)","Tuesday","2019-06-18 07","2019-06",29.96,68,NA,NA, 78,"*",29.27,10.00,"260",NA, 3, 7,55,"2019-06-18 Tuesday","2019-06 Tuesday",2,2019-06-22,2019-06-18,86.44868
2019-06-19, 538,"2019-06-19 07:05:40","DEDM (101.3LB)","Wednesday","2019-06-19 07","2019-06",29.83,70,NA,NA, 94,"FEW:02 40 SCT:04 130 BKN:07 210",29.14,10.00,"150",NA, 7, 7, 5,"2019-06-19 Wednesday","2019-06 Wednesday",3,2019-06-22,2019-06-19,86.84387
2019-06-20, 476,"2019-06-20 06:29:51","DEDM (101.1LB)","Thursday","2019-06-20 06","2019-06",29.81,68,NA,NA, 66,"*",29.12,10.00,"190",NA, 9, 6,29,"2019-06-20 Thursday","2019-06 Thursday",4,2019-06-22,2019-06-20,91.02941
2019-06-21, 345,"2019-06-21 06:57:21","DEDM (101.2LB)","Friday","2019-06-21 06","2019-06",29.88,72,NA,NA, 66,"BKN:07 21",29.19,10.00,"170","28", 5, 6,57,"2019-06-21 Friday","2019-06 Friday",5,2019-06-22,2019-06-21,93.46087
2019-06-22, 286,"2019-06-22 08:32:56","DEDM (101.2LB)","Saturday","2019-06-22 08","2019-06",29.88,75,NA,NA, 79,"OVC:08 21",29.19,10.00,"180","28",17, 8,32,"2019-06-22 Saturday","2019-06 Saturday",6,2019-06-22,2019-06-22,87.74476
2019-06-23, 239,"2019-06-23 12:25:16","DEDM (101.1LB)","Sunday","2019-06-23 12","2019-06",29.85,73,NA,NA, 70,"BKN:07 26 BKN:07 32 OVC:08 50",29.16,10.00,"180","28",16,12,25,"2019-06-23 Sunday","2019-06 Sunday",0,2019-06-29,2019-06-23,90.63180
2019-06-24, 542,"2019-06-24 08:02:11","DEDM (101.3LB)","Monday","2019-06-24 08","2019-06",29.89,66,NA,NA, 88,"OVC:08 7",29.20,10.00,"120",NA, 6, 8, 2,"2019-06-24 Monday","2019-06 Monday",1,2019-06-29,2019-06-24,80.95941
2019-06-25, 582,"2019-06-25 06:25:46","DEDM (101.3LB)","Tuesday","2019-06-25 06","2019-06",29.96,70,NA,NA, 83,"*",29.27,10.00,"130","*", 7, 6,25,"2019-06-25 Tuesday","2019-06 Tuesday",2,2019-06-29,2019-06-25,83.18557
2019-06-26, 497,"2019-06-26 06:00:42","DEDM (101.2LB)","Wednesday","2019-06-26 06","2019-06",30.14,66,NA,NA, 62,"*",29.45,10.00,"190","18",10, 6, 0,"2019-06-26 Wednesday","2019-06 Wednesday",3,2019-06-29,2019-06-26,82.70221
2019-06-27, 481,"2019-06-27 06:23:06","DEDM (101.2LB)","Thursday","2019-06-27 06","2019-06",30.21,72,NA,NA, 79,"OVC:08 9",29.52,10.00,"200",NA, 6, 6,23,"2019-06-27 Thursday","2019-06 Thursday",4,2019-06-29,2019-06-27,86.13721
2019-06-28, 429,"2019-06-28 06:00:33","DEDM (101.1LB)","Friday","2019-06-28 06","2019-06",30.17,70,NA,NA, 66,"*",29.48,10.00,"200",NA, 9, 6, 0,"2019-06-28 Friday","2019-06 Friday",5,2019-06-29,2019-06-28,88.72727
2019-06-29, 266,"2019-06-29 08:07:53","DEDM (101.3LB)","Saturday","2019-06-29 08","2019-06",30.10,70,NA,NA, 59,"*",29.41,10.00,"270",NA,11, 8, 7,"2019-06-29 Saturday","2019-06 Saturday",6,2019-06-29,2019-06-29,90.56015
2019-06-30, 183,"2019-06-30 13:15:39","DEDM (101.3LB)","Sunday","2019-06-30 13","2019-06",29.98,68,NA,NA, 55,"BKN:07 43 BKN:07 55",29.29,10.00,"120","18", 6,13,15,"2019-06-30 Sunday","2019-06 Sunday",0,2019-07-06,2019-06-30,84.71038
2019-07-01, 490,"2019-07-01 06:41:26","DEDM (101.2LB)","Monday","2019-07-01 06","2019-07",30.05,72,NA,NA, 79,"*",29.36,10.00,"160",NA, 9, 6,41,"2019-07-01 Monday","2019-07 Monday",1,2019-07-06,2019-07-01,83.93265
2019-07-02, 457,"2019-07-02 06:25:29","DEDM (101.3LB)","Tuesday","2019-07-02 06","2019-07",30.01,70,NA,NA, 66,"SCT:04 16",29.32,10.00,"220","21", 7, 6,25,"2019-07-02 Tuesday","2019-07 Tuesday",2,2019-07-06,2019-07-02,85.47921
2019-07-03, 382,"2019-07-03 07:36:27","DEDM (101.2LB)","Wednesday","2019-07-03 07","2019-07",29.97,70,NA,NA, 79,"OVC:08 13",29.28,10.00,"190","17",13, 7,36,"2019-07-03 Wednesday","2019-07 Wednesday",3,2019-07-06,2019-07-03,83.36126
2019-07-05, 247,"2019-07-05 10:00:31","DEDM (101.2LB)","Friday","2019-07-05 10","2019-07",30.06,72,NA,NA, 55,"SCT:04 39 BKN:07 49",29.37,10.00,"180","21",16,10, 0,"2019-07-05 Friday","2019-07 Friday",5,2019-07-06,2019-07-05,90.42510
2019-07-06, 217,"2019-07-06 10:00:28","DEDM (101.3LB)","Saturday","2019-07-06 10","2019-07",30.11,73,NA,NA, 70,"SCT:04 21",29.42,10.00,"180",NA, 9,10, 0,"2019-07-06 Saturday","2019-07 Saturday",6,2019-07-06,2019-07-06,87.47005
2019-07-07, 196,"2019-07-07 13:14:55","DEDM (101.3LB)","Sunday","2019-07-07 13","2019-07",29.94,66,NA,NA, 37,"SCT:04 60",29.25,10.00,"160",NA,10,13,14,"2019-07-07 Sunday","2019-07 Sunday",0,2019-07-13,2019-07-07,94.75000
2019-07-08, 517,"2019-07-08 05:24:35","DEDM (101.1LB)","Monday","2019-07-08 05","2019-07",29.98,72,NA,NA, 59,"*",29.29,10.00,"220",NA, 7, 5,24,"2019-07-08 Monday","2019-07 Monday",1,2019-07-13,2019-07-08,87.71567
2019-07-09, 549,"2019-07-09 06:17:59","DEDM (101.2LB)","Tuesday","2019-07-09 06","2019-07",29.94,70,NA,NA, 70,"BKN:07 190",29.25,10.00,"160",NA, 8, 6,17,"2019-07-09 Tuesday","2019-07 Tuesday",2,2019-07-13,2019-07-09,92.02732
2019-07-10, 501,"2019-07-10 06:16:13","DEDM (101.3LB)","Wednesday","2019-07-10 06","2019-07",NA,NA,NA,NA,NA,NA,NA,NA,NA,NA,NA, 6,16,"2019-07-10 Wednesday","2019-07 Wednesday",3,2019-07-13,2019-07-10,77.95808
2019-07-11, 458,"2019-07-11 06:00:31","DEDM (101.3LB)","Thursday","2019-07-11 06","2019-07",30.03,70,NA,NA, 79,"FEW:02 180",29.34,10.00,"350",NA, 8, 6, 0,"2019-07-11 Thursday","2019-07 Thursday",4,2019-07-13,2019-07-11,90.12664
2019-07-12, 450,"2019-07-12 06:00:35","DEDM (101.3LB)","Friday","2019-07-12 06","2019-07",29.93,64,NA,NA, 65,"*",29.24,10.00,"030",NA, 8, 6, 0,"2019-07-12 Friday","2019-07 Friday",5,2019-07-13,2019-07-12,85.43111
2019-07-14, 178,"2019-07-14 12:22:41","DEDM (101.1LB)","Sunday","2019-07-14 12","2019-07",29.95,68,NA,NA, 66,"OVC:08 30",29.26,10.00,"010",NA,11,12,22,"2019-07-14 Sunday","2019-07 Sunday",0,2019-07-20,2019-07-14,81.71348
2019-07-15, 518,"2019-07-15 05:30:04","DEDM (101.1LB)","Monday","2019-07-15 05","2019-07",29.96,68,NA,NA, 74,"*",29.27,10.00,"320",NA, 9, 5,30,"2019-07-15 Monday","2019-07 Monday",1,2019-07-20,2019-07-15,86.56178
2019-07-16, 537,"2019-07-16 05:33:49","DEDM (101.2LB)","Tuesday","2019-07-16 05","2019-07",29.98,72,NA,NA, 62,"*",29.29,10.00,"220","21",11, 5,33,"2019-07-16 Tuesday","2019-07 Tuesday",2,2019-07-20,2019-07-16,92.56052
2019-07-17, 496,"2019-07-17 06:00:27","DEDM (101.3LB)","Wednesday","2019-07-17 06","2019-07",30.04,72,NA,NA, 70,"*",29.35,10.00,"180","21",11, 6, 0,"2019-07-17 Wednesday","2019-07 Wednesday",3,2019-07-20,2019-07-17,92.03629
2019-07-18, 465,"2019-07-18 06:00:24","DEDM (101.3LB)","Thursday","2019-07-18 06","2019-07",30.02,70,NA,NA, 62,"SCT:04 26",29.33,10.00,"210","21",14, 6, 0,"2019-07-18 Thursday","2019-07 Thursday",4,2019-07-20,2019-07-18,92.13118
2019-07-19, 424,"2019-07-19 06:00:32","DEDM (101.3LB)","Friday","2019-07-19 06","2019-07",29.97,70,NA,NA, 70,"*",29.28,10.00,"180","16",11, 6, 0,"2019-07-19 Friday","2019-07 Friday",5,2019-07-20,2019-07-19,91.37264
2019-07-21, 181,"2019-07-21 08:06:35","DEDM (101.1LB)","Sunday","2019-07-21 08","2019-07",29.97,68,NA,NA, 66,"*",29.28,10.00,"170",NA, 7, 8, 6,"2019-07-21 Sunday","2019-07 Sunday",0,2019-07-27,2019-07-21,95.86188
2019-07-22, 511,"2019-07-22 06:00:29","DEDM (101.2LB)","Monday","2019-07-22 06","2019-07",29.99,70,NA,NA, 70,"SCT:04 100",29.30,10.00,"220",NA, 5, 6, 0,"2019-07-22 Monday","2019-07 Monday",1,2019-07-27,2019-07-22,84.78082
2019-07-23, 478,"2019-07-23 06:00:28","DEDM (101.2LB)","Tuesday","2019-07-23 06","2019-07",30.14,61,NA,NA, 61,NA,NA,10.00,"020",NA,11, 6, 0,"2019-07-23 Tuesday","2019-07 Tuesday",2,2019-07-27,2019-07-23,84.64435
2019-07-24, 463,"2019-07-24 05:30:49","DEDM (101.2LB)","Wednesday","2019-07-24 05","2019-07",30.20,59,NA,NA, 51,NA,NA,10.00,"090",NA,10, 5,30,"2019-07-24 Wednesday","2019-07 Wednesday",3,2019-07-27,2019-07-24,83.22246
2019-07-25, 437,"2019-07-25 06:00:28","DEDM (101.2LB)","Thursday","2019-07-25 06","2019-07",30.14,59,NA,NA, 65,"*",29.45,10.00,"070",NA, 5, 6, 0,"2019-07-25 Thursday","2019-07 Thursday",4,2019-07-27,2019-07-25,84.07780
2019-07-26, 371,"2019-07-26 05:56:50","DEDM (101.2LB)","Friday","2019-07-26 05","2019-07",30.16,63,NA,NA, 69,NA,NA,10.00,"100",NA, 7, 5,56,"2019-07-26 Friday","2019-07 Friday",5,2019-07-27,2019-07-26,81.92722
2019-07-27, 300,"2019-07-27 08:00:38","DEDM (101.3LB)","Saturday","2019-07-27 08","2019-07",30.15,63,NA,NA, 69,NA,NA,10.00,"130",NA, 9, 8, 0,"2019-07-27 Saturday","2019-07 Saturday",6,2019-07-27,2019-07-27,90.92333
2019-07-28, 206,"2019-07-28 13:00:25","DEDM (101.1LB)","Sunday","2019-07-28 13","2019-07",29.98,66,NA,NA, 41,NA,NA,10.00,"130","16",10,13, 0,"2019-07-28 Sunday","2019-07 Sunday",0,2019-08-03,2019-07-28,93.00000
2019-07-29, 486,"2019-07-29 05:41:22","DEDM (101.1LB)","Monday","2019-07-29 05","2019-07",30.03,72,NA,NA, 66,"SCT:04 90",29.34,10.00,"210","23",14, 5,41,"2019-07-29 Monday","2019-07 Monday",1,2019-08-03,2019-07-29,88.50206
2019-07-30, 428,"2019-07-30 06:00:27","DEDM (101.3LB)","Tuesday","2019-07-30 06","2019-07",30.03,70,NA,NA, 55,"*",29.34,10.00,"250",NA, 7, 6, 0,"2019-07-30 Tuesday","2019-07 Tuesday",2,2019-08-03,2019-07-30,94.54206
2019-07-31, 476,"2019-07-31 06:00:22","DEDM (101.3LB)","Wednesday","2019-07-31 06","2019-07",30.03,70,NA,NA, 79,"*",29.34,10.00,"100",NA, 6, 6, 0,"2019-07-31 Wednesday","2019-07 Wednesday",3,2019-08-03,2019-07-31,93.05462
2019-08-01, 393,"2019-08-01 02:17:14","DEDM (101.3LB)","Thursday","2019-08-01 02","2019-08",30.03,70,NA,NA, 69,"CLR:00",29.34,10.00,"140",NA, 7, 2,17,"2019-08-01 Thursday","2019-08 Thursday",4,2019-08-03,2019-08-01,90.42748
2019-08-02, 376,"2019-08-02 06:00:31","DEDM (101.2LB)","Friday","2019-08-02 06","2019-08",30.02,72,NA,NA, 74,"*",29.33,10.00,"180",NA, 7, 6, 0,"2019-08-02 Friday","2019-08 Friday",5,2019-08-03,2019-08-02,91.30851
2019-08-03, 240,"2019-08-03 08:00:34","DEDM (101.3LB)","Saturday","2019-08-03 08","2019-08",30.00,73,NA,"RA:02 |RA |RA RA", 84,"SCT:04 40 SCT:04 47 BKN:07 60",29.31, 5.00,"000",NA, 0, 8, 0,"2019-08-03 Saturday","2019-08 Saturday",6,2019-08-03,2019-08-03,85.92917
2019-08-04, 196,"2019-08-04 01:49:07","DEDM (101.3LB)","Sunday","2019-08-04 01","2019-08",29.97,74,NA,"VCTS:7 ||", 82,"SCT:04 35 BKN:07 75 BKN:07 85",29.28,10.00,"110",NA, 5, 1,49,"2019-08-04 Sunday","2019-08 Sunday",0,2019-08-10,2019-08-04,88.76020
2019-08-05, 406,"2019-08-05 06:00:29","DEDM (101.3LB)","Monday","2019-08-05 06","2019-08",30.00,73,NA,NA, 70,"*",29.31,10.00,"210",NA, 3, 6, 0,"2019-08-05 Monday","2019-08 Monday",1,2019-08-10,2019-08-05,91.66010
2019-08-06, 438,"2019-08-06 06:00:28","DEDM (101.2LB)","Tuesday","2019-08-06 06","2019-08",29.99,73,NA,NA, 66,"BKN:07 60",29.30,10.00,"170",NA, 5, 6, 0,"2019-08-06 Tuesday","2019-08 Tuesday",2,2019-08-10,2019-08-06,91.43836
2019-08-07, 385,"2019-08-07 06:00:28","DEDM (101.3LB)","Wednesday","2019-08-07 06","2019-08",29.94,72,NA,NA, 66,"*",29.25,10.00,"210",NA, 9, 6, 0,"2019-08-07 Wednesday","2019-08 Wednesday",3,2019-08-10,2019-08-07,95.31429
2019-08-08, 360,"2019-08-08 06:00:27","DEDM (101.3LB)","Thursday","2019-08-08 06","2019-08",29.93,72,NA,NA, 70,"*",29.24,10.00,"180","16",11, 6, 0,"2019-08-08 Thursday","2019-08 Thursday",4,2019-08-10,2019-08-08,90.14722
2019-08-09, 313,"2019-08-09 02:01:08","DEDM (101.1LB)","Friday","2019-08-09 02","2019-08",29.90,72,NA,NA, 68,"CLR:00",29.21,10.00,"170",NA, 9, 2, 1,"2019-08-09 Friday","2019-08 Friday",5,2019-08-10,2019-08-09,92.49840
2019-08-10, 205,"2019-08-10 02:03:43","DEDM (101.3LB)","Saturday","2019-08-10 02","2019-08",29.91,71,NA,NA, 62,"CLR:00",29.22,10.00,"190","16",11, 2, 3,"2019-08-10 Saturday","2019-08 Saturday",6,2019-08-10,2019-08-10,93.25854
2019-08-11, 152,"2019-08-11 13:00:32","DEDM (101.2LB)","Sunday","2019-08-11 13","2019-08",29.92,63,NA,NA, 31,"*",29.23,10.00,"210","*", 5,13, 0,"2019-08-11 Sunday","2019-08 Sunday",0,2019-08-17,2019-08-11,96.84211
2019-08-12, 419,"2019-08-12 06:00:28","DEDM (101.3LB)","Monday","2019-08-12 06","2019-08",29.93,72,NA,NA, 70,NA,NA,10.00,"190",NA, 8, 6, 0,"2019-08-12 Monday","2019-08 Monday",1,2019-08-17,2019-08-12,95.75656
2019-08-13, 387,"2019-08-13 06:00:28","DEDM (101.3LB)","Tuesday","2019-08-13 06","2019-08",29.95,73,NA,NA, 62,"*",29.26,10.00,"180",NA, 7, 6, 0,"2019-08-13 Tuesday","2019-08 Tuesday",2,2019-08-17,2019-08-13,94.53747
2019-08-14, 375,"2019-08-14 06:00:25","DEDM (101.3LB)","Wednesday","2019-08-14 06","2019-08",30.04,72,NA,"BR:1 ||", 89,"FEW:02 35 BKN:07 55",29.35,10.00,"130",NA, 3, 6, 0,"2019-08-14 Wednesday","2019-08 Wednesday",3,2019-08-17,2019-08-14,85.97333
2019-08-15, 396,"2019-08-15 05:28:38","DEDM (101.1LB)","Thursday","2019-08-15 05","2019-08",30.02,72,NA,NA, 79,"*",29.33,10.00,"120",NA, 6, 5,28,"2019-08-15 Thursday","2019-08 Thursday",4,2019-08-17,2019-08-15,90.41919
2019-08-16, 387,"2019-08-16 02:04:40","DEDM (101.3LB)","Friday","2019-08-16 02","2019-08",29.95,67,NA,NA, 59,"CLR:00",29.26,10.00,"150",NA,10, 2, 4,"2019-08-16 Friday","2019-08 Friday",5,2019-08-17,2019-08-16,92.56072
2019-08-17, 327,"2019-08-17 01:59:39","DEDM (101.3LB)","Saturday","2019-08-17 01","2019-08",29.89,74,NA,NA, 76,"CLR:00",29.20,10.00,"170","17", 9, 1,59,"2019-08-17 Saturday","2019-08 Saturday",6,2019-08-17,2019-08-17,94.92661
2019-08-18, 240,"2019-08-18 07:47:50","DEDM (101.3LB)","Sunday","2019-08-18 07","2019-08",29.86,72,NA,NA, 74,"*",29.17,10.00,"190","17",11, 7,47,"2019-08-18 Sunday","2019-08 Sunday",0,2019-08-24,2019-08-18,95.44167
2019-08-19, 667,"2019-08-19 06:00:29","DEDM (101.2LB)","Monday","2019-08-19 06","2019-08",30.00,72,NA,NA, 70,"*",29.31,10.00,"180","18",15, 6, 0,"2019-08-19 Monday","2019-08 Monday",1,2019-08-24,2019-08-19,93.41829
2019-08-20, 671,"2019-08-20 06:00:33","DEDM (101.3LB)","Tuesday","2019-08-20 06","2019-08",30.03,72,NA,NA, 66,"*",29.34,10.00,"180",NA, 6, 6, 0,"2019-08-20 Tuesday","2019-08 Tuesday",2,2019-08-24,2019-08-20,94.57377
2019-08-21, 678,"2019-08-21 06:00:34","DEDM (101.3LB)","Wednesday","2019-08-21 06","2019-08",30.04,70,NA,NA, 62,"*",29.35,10.00,"190",NA, 5, 6, 0,"2019-08-21 Wednesday","2019-08 Wednesday",3,2019-08-24,2019-08-21,94.00147
2019-08-22, 616,"2019-08-22 01:57:47","DEDM (101.3LB)","Thursday","2019-08-22 01","2019-08",29.94,67,NA,NA, 58,"CLR:00",29.25,10.00,"190",NA, 6, 1,57,"2019-08-22 Thursday","2019-08 Thursday",4,2019-08-24,2019-08-22,91.91883
2019-08-23, 554,"2019-08-23 08:32:05","DEDM (101.3LB)","Friday","2019-08-23 08","2019-08",29.94,72,NA,NA, 74,"*",29.25,10.00,"160",NA, 8, 8,32,"2019-08-23 Friday","2019-08 Friday",5,2019-08-24,2019-08-23,89.73285
2019-08-24, 787,"2019-08-24 07:38:17","DEDM (101.1LB)","Saturday","2019-08-24 07","2019-08",29.96,72,NA,NA, 79,"*",29.27,10.00,"150",NA, 6, 7,38,"2019-08-24 Saturday","2019-08 Saturday",6,2019-08-24,2019-08-24,82.84752
2019-08-25, 688,"2019-08-25 13:00:25","DEDM (101.1LB)","Sunday","2019-08-25 13","2019-08",29.81,70,NA,NA, 44,"BKN:07 40 BKN:07 80",29.12,10.00,"160","16", 8,13, 0,"2019-08-25 Sunday","2019-08 Sunday",0,2019-08-31,2019-08-25,93.19186
2019-08-26,2300,"2019-08-26 05:48:45","DEDM (101.3LB)","Monday","2019-08-26 05","2019-08",29.77,73,NA,NA, 74,"*",29.08,10.00,"180",NA, 9, 5,48,"2019-08-26 Monday","2019-08 Monday",1,2019-08-31,2019-08-26,92.81304
2019-08-27,1855,"2019-08-27 05:20:51","DEDM (101.3LB)","Tuesday","2019-08-27 05","2019-08",29.95,66,NA,"-RA:02 |RA |RA", 78,"OVC:08 30",29.26,10.00,"030","34",17, 5,20,"2019-08-27 Tuesday","2019-08 Tuesday",2,2019-08-31,2019-08-27,76.84906
2019-08-28,2204,"2019-08-28 05:48:31","DEDM (101.2LB)","Wednesday","2019-08-28 05","2019-08",30.07,73,NA,NA, 84,"*",29.38,10.00,"100",NA, 8, 5,48,"2019-08-28 Wednesday","2019-08 Wednesday",3,2019-08-31,2019-08-28,85.63793
2019-08-29,1548,"2019-08-29 02:01:32","DEDM (101.3LB)","Thursday","2019-08-29 02","2019-08",30.03,72,NA,NA, 79,"CLR:00",29.34,10.00,"140",NA, 5, 2, 1,"2019-08-29 Thursday","2019-08 Thursday",4,2019-08-31,2019-08-29,89.99225
2019-08-30,1228,"2019-08-30 06:04:58","DEDM (101.3LB)","Friday","2019-08-30 06","2019-08",30.03,72,NA,NA, 79,"*",29.34,10.00,"160",NA, 8, 6, 4,"2019-08-30 Friday","2019-08 Friday",5,2019-08-31,2019-08-30,78.04235
2019-08-31, 756,"2019-08-31 08:00:31","DEDM (101.3LB)","Saturday","2019-08-31 08","2019-08",30.09,68,NA,NA, 83,"SCT:04 25 BKN:07 65",29.40,10.00,"100","16",13, 8, 0,"2019-08-31 Saturday","2019-08 Saturday",6,2019-08-31,2019-08-31,79.98810
2019-09-01, 774,"2019-09-01 13:00:32","DEDM (101.2LB)","Sunday","2019-09-01 13","2019-09",30.00,63,NA,NA, 36,"SCT:04 50",29.31,10.00,"100",NA, 5,13, 0,"2019-09-01 Sunday","2019-09 Sunday",0,2019-09-07,2019-09-01,91.97287
2019-09-02, 809,"2019-09-02 01:28:14","DEDM (101.1LB)","Monday","2019-09-02 01","2019-09",30.06,70,NA,NA, 76,"CLR:00",29.37,10.00,"000",NA, 0, 1,28,"2019-09-02 Monday","2019-09 Monday",1,2019-09-07,2019-09-02,92.22991
2019-09-03,2177,"2019-09-03 05:47:20","DEDM (101.2LB)","Tuesday","2019-09-03 05","2019-09",30.03,70,NA,NA, 74,"*",29.34,10.00,"100",NA, 5, 5,47,"2019-09-03 Tuesday","2019-09 Tuesday",2,2019-09-07,2019-09-03,89.63206
2019-09-04,2225,"2019-09-04 05:42:53","DEDM (101.1LB)","Wednesday","2019-09-04 05","2019-09",30.10,70,NA,NA, 66,"*",29.41,13.00,"090",NA, 6, 5,42,"2019-09-04 Wednesday","2019-09 Wednesday",3,2019-09-07,2019-09-04,91.21978
2019-09-05,1629,"2019-09-05 05:47:36","DEDM (101.2LB)","Thursday","2019-09-05 05","2019-09",30.09,66,NA,NA, 65,"SCT:04 75",29.40,13.00,"000",NA, 0, 5,47,"2019-09-05 Thursday","2019-09 Thursday",4,2019-09-07,2019-09-05,90.66667
2019-09-06,1336,"2019-09-06 06:00:14","DEDM (101.3LB)","Friday","2019-09-06 06","2019-09",30.07,66,NA,NA, 62,"*",29.38,10.00,"150",NA, 3, 6, 0,"2019-09-06 Friday","2019-09 Friday",5,2019-09-07,2019-09-06,94.65719
2019-09-07, 249,"2019-09-07 07:25:15","DEDM (101.1LB)","Saturday","2019-09-07 07","2019-09",30.04,64,NA,NA, 55,"*",29.35,10.00,"180",NA, 5, 7,25,"2019-09-07 Saturday","2019-09 Saturday",6,2019-09-07,2019-09-07,88.27711
2019-09-08, 768,"2019-09-08 12:35:37","DEDM (101.1LB)","Sunday","2019-09-08 12","2019-09",30.00,66,NA,NA, 46,"*",29.31,10.00,"230","*", 5,12,35,"2019-09-08 Sunday","2019-09 Sunday",0,2019-09-14,2019-09-08,94.49740
2019-09-09,2134,"2019-09-09 05:43:18","DEDM (101.2LB)","Monday","2019-09-09 05","2019-09",30.00,66,NA,NA, 69,"*",29.31,10.00,"150",NA, 8, 5,43,"2019-09-09 Monday","2019-09 Monday",1,2019-09-14,2019-09-09,86.78397
2019-09-10,1977,"2019-09-10 05:25:14","DEDM (101.3LB)","Tuesday","2019-09-10 05","2019-09",30.11,70,NA,NA, 70,"SCT:04 19",29.42,10.00,"210","23",11, 5,25,"2019-09-10 Tuesday","2019-09 Tuesday",2,2019-09-14,2019-09-10,89.11836
2019-09-11,2221,"2019-09-11 05:42:24","DEDM (101.3LB)","Wednesday","2019-09-11 05","2019-09",30.15,70,NA,NA, 74,"SCT:04 16 SCT:04 80",29.46,10.00,"170",NA, 6, 5,42,"2019-09-11 Wednesday","2019-09 Wednesday",3,2019-09-14,2019-09-11,86.01981
2019-09-12,1532,"2019-09-12 06:00:26","DEDM (101.3LB)","Thursday","2019-09-12 06","2019-09",30.10,70,NA,NA, 74,"SCT:04 250",29.41,10.00,"180",NA, 9, 6, 0,"2019-09-12 Thursday","2019-09 Thursday",4,2019-09-14,2019-09-12,90.52219
2019-09-13,1261,"2019-09-13 05:57:12","DEDM (101.1LB)","Friday","2019-09-13 05","2019-09",30.13,70,NA,NA, 70,"SCT:04 170",29.44,10.00,"190",NA, 5, 5,57,"2019-09-13 Friday","2019-09 Friday",5,2019-09-14,2019-09-13,91.49009
2019-09-14, 220,"2019-09-14 08:00:26","DEDM (101.3LB)","Saturday","2019-09-14 08","2019-09",30.15,66,NA,NA, 69,"*",29.46,10.00,"090",NA, 9, 8, 0,"2019-09-14 Saturday","2019-09 Saturday",6,2019-09-14,2019-09-14,88.04091
2019-09-15, 907,"2019-09-15 13:00:25","DEDM (101.1LB)","Sunday","2019-09-15 13","2019-09",30.00,59,NA,NA, 28,"*",29.31,13.00,"060",NA,13,13, 0,"2019-09-15 Sunday","2019-09 Sunday",0,2019-09-21,2019-09-15,91.61632
2019-09-16,2144,"2019-09-16 05:46:50","DEDM (101.2LB)","Monday","2019-09-16 05","2019-09",30.06,68,NA,NA, 66,"*",29.37,10.00,"090",NA, 6, 5,46,"2019-09-16 Monday","2019-09 Monday",1,2019-09-21,2019-09-16,88.64459
2019-09-17,1811,"2019-09-17 05:46:25","DEDM (101.2LB)","Tuesday","2019-09-17 05","2019-09",30.01,68,NA,NA, 70,"*",29.32,10.00,"090",NA, 6, 5,46,"2019-09-17 Tuesday","2019-09 Tuesday",2,2019-09-21,2019-09-17,85.20872
2019-09-18,2014,"2019-09-18 05:27:59","DEDM (101.1LB)","Wednesday","2019-09-18 05","2019-09",29.95,70,NA,NA, 79,"*",29.26,13.00,"100",NA, 6, 5,27,"2019-09-18 Wednesday","2019-09 Wednesday",3,2019-09-21,2019-09-18,83.68669
2019-09-19,1416,"2019-09-19 05:57:22","DEDM (101.1LB)","Thursday","2019-09-19 05","2019-09",29.92,70,NA,NA, 83,"BKN:07 14 OVC:08 31",29.23,10.00,"050",NA, 8, 5,57,"2019-09-19 Thursday","2019-09 Thursday",4,2019-09-21,2019-09-19,78.11158
2019-09-20,1243,"2019-09-20 05:36:08","DEDM (101.1LB)","Friday","2019-09-20 05","2019-09",29.94,73,NA,"-DZ:01 |DZ |DZ", 89,"OVC:08 8",29.25,10.00,"180",NA, 8, 5,36,"2019-09-20 Friday","2019-09 Friday",5,2019-09-21,2019-09-20,88.03218
2019-09-21, 459,"2019-09-21 07:28:50","DEDM (101.1LB)","Saturday","2019-09-21 07","2019-09",30.10,72,NA,NA, 74,"BKN:07 10",29.41,10.00,"170","22",15, 7,28,"2019-09-21 Saturday","2019-09 Saturday",6,2019-09-21,2019-09-21,88.66667
2019-09-22, 764,"2019-09-22 12:49:05","DEDM (101.1LB)","Sunday","2019-09-22 12","2019-09",30.03,68,NA,NA, 55,"BKN:07 26",29.34,10.00,"200","21",14,12,49,"2019-09-22 Sunday","2019-09 Sunday",0,2019-09-28,2019-09-22,89.35864
2019-09-23,1852,"2019-09-23 05:43:39","DEDM (101.3LB)","Monday","2019-09-23 05","2019-09",30.06,72,NA,NA, 79,"OVC:08 16",29.37,10.00,"210",NA, 6, 5,43,"2019-09-23 Monday","2019-09 Monday",1,2019-09-28,2019-09-23,87.18413
2019-09-24,1787,"2019-09-24 05:26:43","DEDM (101.1LB)","Tuesday","2019-09-24 05","2019-09",29.97,73,NA,NA, 89,"SCT:04 13",29.28,10.00,"180",NA, 6, 5,26,"2019-09-24 Tuesday","2019-09 Tuesday",2,2019-09-28,2019-09-24,89.07163
2019-09-25,1942,"2019-09-25 05:45:51","DEDM (101.3LB)","Wednesday","2019-09-25 05","2019-09",29.90,70,NA,NA, 66,"SCT:04 110 SCT:04 250",29.21,10.00,"160","16",11, 5,45,"2019-09-25 Wednesday","2019-09 Wednesday",3,2019-09-28,2019-09-25,91.01596
2019-09-26,1363,"2019-09-26 06:00:40","DEDM (101.3LB)","Thursday","2019-09-26 06","2019-09",29.98,70,NA,NA, 74,"SCT:04 32 BKN:07 80 BKN:07 90",29.29,13.00,"090","23",16, 6, 0,"2019-09-26 Thursday","2019-09 Thursday",4,2019-09-28,2019-09-26,87.51357
2019-09-27,1141,"2019-09-27 06:00:35","DEDM (101.2LB)","Friday","2019-09-27 06","2019-09",29.89,68,NA,NA, 70,"FEW:02 13",29.20,10.00,"180","21",14, 6, 0,"2019-09-27 Friday","2019-09 Friday",5,2019-09-28,2019-09-27,87.75723
2019-09-28, 842,"2019-09-28 08:03:09","DEDM (101.3LB)","Saturday","2019-09-28 08","2019-09",29.89,72,NA,NA, 79,"BKN:07 22 OVC:08 28",29.20,10.00,"180","17",11, 8, 3,"2019-09-28 Saturday","2019-09 Saturday",6,2019-09-28,2019-09-28,89.42637
2019-09-29, 685,"2019-09-29 12:24:19","DEDM (101.1LB)","Sunday","2019-09-29 12","2019-09",29.99,68,NA,NA, 46,"SCT:04 45 BKN:07 60",29.30,10.00,"150","23",17,12,24,"2019-09-29 Sunday","2019-09 Sunday",0,2019-10-05,2019-09-29,88.71679
2019-09-30,1741,"2019-09-30 06:00:29","DEDM (101.2LB)","Monday","2019-09-30 06","2019-09",30.04,70,NA,NA, 79,NA,NA,10.00,"170","17", 9, 6, 0,"2019-09-30 Monday","2019-09 Monday",1,2019-10-05,2019-09-30,86.03619
2019-10-01,1797,"2019-10-01 05:45:48","DEDM (101.2LB)","Tuesday","2019-10-01 05","2019-10",30.00,72,NA,NA, 83,"BKN:07 16",29.31,10.00,"170","20",14, 5,45,"2019-10-01 Tuesday","2019-10 Tuesday",2,2019-10-05,2019-10-01,87.41402
2019-10-02,1866,"2019-10-02 06:00:29","DEDM (101.3LB)","Wednesday","2019-10-02 06","2019-10",30.01,70,NA,NA, 79,"FEW:02 17",29.32,13.00,"190",NA, 8, 6, 0,"2019-10-02 Wednesday","2019-10 Wednesday",3,2019-10-05,2019-10-02,89.35906
2019-10-03,1248,"2019-10-03 06:00:38","DEDM (101.3LB)","Thursday","2019-10-03 06","2019-10",30.06,68,NA,NA, 74,"*",29.37,10.00,"180",NA, 5, 6, 0,"2019-10-03 Thursday","2019-10 Thursday",4,2019-10-05,2019-10-03,86.83974
2019-10-04, 955,"2019-10-04 06:00:35","DEDM (101.3LB)","Friday","2019-10-04 06","2019-10",30.12,68,NA,NA, 78,"*",29.43,10.00,"060",NA, 5, 6, 0,"2019-10-04 Friday","2019-10 Friday",5,2019-10-05,2019-10-04,83.63665
2019-10-05, 154,"2019-10-05 08:00:23","DEDM (101.1LB)","Saturday","2019-10-05 08","2019-10",30.03,64,NA,NA, 78,"*",29.34,10.00,"130","16",10, 8, 0,"2019-10-05 Saturday","2019-10 Saturday",6,2019-10-05,2019-10-05,87.03896
2019-10-06, 609,"2019-10-06 12:43:51","DEDM (101.1LB)","Sunday","2019-10-06 12","2019-10",30.01,63,NA,NA, 46,"*",29.32,10.00,"190",NA, 8,12,43,"2019-10-06 Sunday","2019-10 Sunday",0,2019-10-12,2019-10-06,89.79475
2019-10-07,1803,"2019-10-07 05:42:08","DEDM (101.3LB)","Monday","2019-10-07 05","2019-10",30.23,52,NA,NA, 64,"*",29.54,13.00,"030","21",10, 5,42,"2019-10-07 Monday","2019-10 Monday",1,2019-10-12,2019-10-07,72.10538
2019-10-08,1641,"2019-10-08 05:46:02","DEDM (101.3LB)","Tuesday","2019-10-08 05","2019-10",30.17,50,NA,NA, 56,"*",29.48,13.00,"110",NA,10, 5,46,"2019-10-08 Tuesday","2019-10 Tuesday",2,2019-10-12,2019-10-08,72.50945
2019-10-09,1763,"2019-10-09 05:45:47","DEDM (101.3LB)","Wednesday","2019-10-09 05","2019-10",29.97,57,NA,NA, 78,"BKN:07 13",29.28,13.00,"150","*",10, 5,45,"2019-10-09 Wednesday","2019-10 Wednesday",3,2019-10-12,2019-10-09,78.76914
2019-10-10,1158,"2019-10-10 05:39:30","DEDM (101.3LB)","Thursday","2019-10-10 05","2019-10",29.88,70,NA,NA, 79,NA,NA,10.00,"120","17",11, 5,39,"2019-10-10 Thursday","2019-10 Thursday",4,2019-10-12,2019-10-10,84.46978
2019-10-11, 632,"2019-10-11 00:22:01","DEDM (101.2LB)","Friday","2019-10-11 00","2019-10",30.02,47,NA,NA, 75,"OVC:08 23",29.33,10.00,"340","25",21, 0,22,"2019-10-11 Friday","2019-10 Friday",5,2019-10-12,2019-10-11,55.44304
2019-10-12, 284,"2019-10-12 01:54:56","DEDM (101.2LB)","Saturday","2019-10-12 01","2019-10",30.30,28,NA,NA, 51,"CLR:00",29.60,10.00,"000",NA, 0, 1,54,"2019-10-12 Saturday","2019-10 Saturday",6,2019-10-12,2019-10-12,59.91549
2019-10-13, 209,"2019-10-13 11:08:49","DEDM (101.3LB)","Sunday","2019-10-13 11","2019-10",30.02,36,NA,NA, 25,"*",29.33,10.00,"170",NA, 8,11, 8,"2019-10-13 Sunday","2019-10 Sunday",0,2019-10-19,2019-10-13,72.25837
2019-10-14, 585,"2019-10-14 06:00:28","DEDM (101.2LB)","Monday","2019-10-14 06","2019-10",30.03,55,NA,NA, 68,"FEW:02 45 SCT:04 150 OVC:08 200",29.34,13.00,"130",NA, 7, 6, 0,"2019-10-14 Monday","2019-10 Monday",1,2019-10-19,2019-10-14,70.93675
2019-10-15, 715,"2019-10-15 06:00:28","DEDM (101.3LB)","Tuesday","2019-10-15 06","2019-10",29.90,72,NA,NA, 94,"BKN:07 9 OVC:08 90",29.21, 8.00,"170",NA, 6, 6, 0,"2019-10-15 Tuesday","2019-10 Tuesday",2,2019-10-19,2019-10-15,80.38182
2019-10-16,1756,"2019-10-16 05:41:15","DEDM (101.2LB)","Wednesday","2019-10-16 05","2019-10",30.18,34,NA,NA, 44,"*",29.49,10.00,"020","23",13, 5,41,"2019-10-16 Wednesday","2019-10 Wednesday",3,2019-10-19,2019-10-16,61.63269
2019-10-17,1259,"2019-10-17 06:00:26","DEDM (101.1LB)","Thursday","2019-10-17 06","2019-10",30.07,45,NA,NA, 77,"SCT:04 240",29.38,13.00,"000",NA, 0, 6, 0,"2019-10-17 Thursday","2019-10 Thursday",4,2019-10-19,2019-10-17,64.69023
2019-10-18,1004,"2019-10-18 06:00:31","DEDM (101.3LB)","Friday","2019-10-18 06","2019-10",29.91,48,NA,NA, 82,"*",29.22,10.00,"130",NA, 8, 6, 0,"2019-10-18 Friday","2019-10 Friday",5,2019-10-19,2019-10-18,69.92629
2019-10-19,   1,"2019-10-19 10:57:55","DEDM (101.3LB)","Saturday","2019-10-19 10","2019-10",29.75,57,NA,NA, 57,"*",29.06,10.00,"230",NA, 6,10,57,"2019-10-19 Saturday","2019-10 Saturday",6,2019-10-19,2019-10-19,73.00000
2019-10-20, 631,"2019-10-20 12:53:53","DEDM (101.1LB)","Sunday","2019-10-20 12","2019-10",29.79,57,NA,NA, 48,NA,NA,10.00,"160",NA,11,12,53,"2019-10-20 Sunday","2019-10 Sunday",0,2019-10-26,2019-10-20,82.73851
2019-10-21,1710,"2019-10-21 05:44:37","DEDM (101.2LB)","Monday","2019-10-21 05","2019-10",29.84,39,NA,NA, 48,NA,NA,10.00,"330","14", 8, 5,44,"2019-10-21 Monday","2019-10 Monday",1,2019-10-26,2019-10-21,64.92515
2019-10-22,1702,"2019-10-22 05:43:59","DEDM (101.3LB)","Tuesday","2019-10-22 05","2019-10",30.19,37,NA,NA, 62,NA,NA,10.00,"000",NA, 0, 5,43,"2019-10-22 Tuesday","2019-10 Tuesday",2,2019-10-26,2019-10-22,66.69506
2019-10-23,1723,"2019-10-23 05:46:14","DEDM (101.3LB)","Wednesday","2019-10-23 05","2019-10",30.09,39,NA,NA, 48,NA,NA,10.00,"180","14",10, 5,46,"2019-10-23 Wednesday","2019-10 Wednesday",3,2019-10-26,2019-10-23,72.06790
2019-10-24,1005,"2019-10-24 05:45:26","DEDM (101.3LB)","Thursday","2019-10-24 05","2019-10",30.02,57,NA,NA, 78,NA,NA,13.00,"150","23",15, 5,45,"2019-10-24 Thursday","2019-10 Thursday",4,2019-10-26,2019-10-24,62.06965
2019-10-25, 846,"2019-10-25 06:00:24","DEDM (101.1LB)","Friday","2019-10-25 06","2019-10",30.08,45,NA,"||RA", 93,NA,NA, 3.00,"300","23",13, 6, 0,"2019-10-25 Friday","2019-10 Friday",5,2019-10-26,2019-10-25,50.26005
2019-10-26, 986,"2019-10-26 08:00:31","DEDM (101.3LB)","Saturday","2019-10-26 08","2019-10",29.90,50,NA,NA, 88,NA,NA,10.00,"320","17",10, 8, 0,"2019-10-26 Saturday","2019-10 Saturday",6,2019-10-26,2019-10-26,58.95132
2019-10-27, 988,"2019-10-27 08:36:36","DEDM (101.3LB)","Sunday","2019-10-27 08","2019-10",29.95,45,NA,NA, 72,NA,NA,10.00,"150",NA, 8, 8,36,"2019-10-27 Sunday","2019-10 Sunday",0,2019-11-02,2019-10-27,69.91498
2019-10-28,1760,"2019-10-28 06:00:29","DEDM (101.3LB)","Monday","2019-10-28 06","2019-10",30.00,54,NA,NA, 88,NA,NA,10.00,"160",NA, 5, 6, 0,"2019-10-28 Monday","2019-10 Monday",1,2019-11-02,2019-10-28,59.77955
2019-10-29,1569,"2019-10-29 05:39:39","DEDM (101.3LB)","Tuesday","2019-10-29 05","2019-10",30.10,43,NA,"||DZ", 93,NA,NA, 2.50,"350","17",11, 5,39,"2019-10-29 Tuesday","2019-10 Tuesday",2,2019-11-02,2019-10-29,46.07457
2019-10-30,1499,"2019-10-30 05:48:37","DEDM (101.3LB)","Wednesday","2019-10-30 05","2019-10",30.01,43,NA,"||RA", 93,NA,NA,10.00,"340",NA,11, 5,48,"2019-10-30 Wednesday","2019-10 Wednesday",3,2019-11-02,2019-10-30,43.10140
2019-10-31, 979,"2019-10-31 05:42:48","DEDM (101.3LB)","Thursday","2019-10-31 05","2019-10",30.46,23,NA,NA, 69,NA,NA,13.00,"330",NA, 8, 5,42,"2019-10-31 Thursday","2019-10 Thursday",4,2019-11-02,2019-10-31,43.42594
2019-11-01, 833,"2019-11-01 06:00:25","DEDM (101.1LB)","Friday","2019-11-01 06","2019-11",30.35,25,NA,NA, 56,"*",29.65,10.00,"160",NA,10, 6, 0,"2019-11-01 Friday","2019-11 Friday",5,2019-11-02,2019-11-01,55.34694
2019-11-02, 527,"2019-11-02 08:00:26","DEDM (101.1LB)","Saturday","2019-11-02 08","2019-11",30.46,34,NA,NA, 58,"*",29.76,10.00,"010",NA, 7, 8, 0,"2019-11-02 Saturday","2019-11 Saturday",6,2019-11-02,2019-11-02,57.04554
2019-11-03, 650,"2019-11-03 10:50:45","DEDM (101.3LB)","Sunday","2019-11-03 10","2019-11",30.24,34,NA,NA, 41,"*",29.54,10.00,"160",NA,10,10,50,"2019-11-03 Sunday","2019-11 Sunday",0,2019-11-09,2019-11-03,62.36000
2019-11-04,1739,"2019-11-04 05:46:45","DEDM (101.3LB)","Monday","2019-11-04 05","2019-11",30.03,50,NA,NA, 77,"*",29.34,10.00,"170","21",14, 5,46,"2019-11-04 Monday","2019-11 Monday",1,2019-11-09,2019-11-04,65.12191
2019-11-05,1480,"2019-11-05 05:30:54","DEDM (101.3LB)","Tuesday","2019-11-05 05","2019-11",30.12,63,NA,NA, 94,NA,NA, 1.00,"080",NA, 6, 5,30,"2019-11-05 Tuesday","2019-11 Tuesday",2,2019-11-09,2019-11-05,62.92703
2019-11-06,1658,"2019-11-06 05:46:25","DEDM (101.2LB)","Wednesday","2019-11-06 05","2019-11",30.22,64,NA,"BR:1 ||", 88,"OVC:08 4",29.52, 5.00,"140",NA, 9, 5,46,"2019-11-06 Wednesday","2019-11 Wednesday",3,2019-11-09,2019-11-06,69.94331
2019-11-07,1136,"2019-11-07 06:00:27","DEDM (101.3LB)","Thursday","2019-11-07 06","2019-11",30.20,52,NA,"RA:02 |RA |RA RA", 94,"BKN:07 8 OVC:08 31",29.51, 7.00,"360","26",15, 6, 0,"2019-11-07 Thursday","2019-11 Thursday",4,2019-11-09,2019-11-07,46.19366
2019-11-08, 945,"2019-11-08 06:00:22","DEDM (101.1LB)","Friday","2019-11-08 06","2019-11",30.46,36,NA,NA, 76,"OVC:08 90",29.76,10.00,"010",NA, 8, 6, 0,"2019-11-08 Friday","2019-11 Friday",5,2019-11-09,2019-11-08,50.17778
2019-11-09, 141,"2019-11-09 11:44:55","DEDM (101.2LB)","Saturday","2019-11-09 11","2019-11",30.28,37,NA,NA, 48,"*",29.58,10.00,"200",NA, 7,11,44,"2019-11-09 Saturday","2019-11 Saturday",6,2019-11-09,2019-11-09,58.98582
2019-11-10, 666,"2019-11-10 12:21:17","DEDM (101.2LB)","Sunday","2019-11-10 12","2019-11",30.06,52,NA,NA, 53,"*",29.37,10.00,"160",NA,10,12,21,"2019-11-10 Sunday","2019-11 Sunday",0,2019-11-16,2019-11-10,67.78829
2019-11-11,1495,"2019-11-11 05:46:50","DEDM (101.2LB)","Monday","2019-11-11 05","2019-11",29.96,59,NA,NA, 83,"OVC:08 18",29.27,10.00,"200",NA, 6, 5,46,"2019-11-11 Monday","2019-11 Monday",1,2019-11-16,2019-11-11,41.35786
2019-11-12,1505,"2019-11-12 00:16:52","DEDM (101.2LB)","Tuesday","2019-11-12 00","2019-11",30.60,15,NA,NA, 59,"CLR:00",29.90,10.00,"360","26",20, 0,16,"2019-11-12 Tuesday","2019-11 Tuesday",2,2019-11-16,2019-11-12,31.71296
2019-11-13,1555,"2019-11-13 05:47:33","DEDM (101.3LB)","Wednesday","2019-11-13 05","2019-11",30.31,18,NA,NA, 64,"*",29.61,10.00,"140",NA, 7, 5,47,"2019-11-13 Wednesday","2019-11 Wednesday",3,2019-11-16,2019-11-13,41.12283
2019-11-14,1165,"2019-11-14 05:47:13","DEDM (101.3LB)","Thursday","2019-11-14 05","2019-11",30.22,28,NA,NA, 61,NA,NA,13.00,"000",NA, 0, 5,47,"2019-11-14 Thursday","2019-11 Thursday",4,2019-11-16,2019-11-14,49.74678
2019-11-15, 920,"2019-11-15 06:01:18","DEDM (101.2LB)","Friday","2019-11-15 06","2019-11",30.44,32,NA,NA, 81,"*",29.74,10.00,"000",NA, 0, 6, 1,"2019-11-15 Friday","2019-11 Friday",5,2019-11-16,2019-11-15,53.26957
2019-11-16, 537,"2019-11-16 08:00:32","DEDM (101.2LB)","Saturday","2019-11-16 08","2019-11",30.27,34,NA,NA, 71,"*",29.57,10.00,"120",NA, 6, 8, 0,"2019-11-16 Saturday","2019-11 Saturday",6,2019-11-16,2019-11-16,56.44879
2019-11-17, 566,"2019-11-17 12:58:28","DEDM (101.1LB)","Sunday","2019-11-17 12","2019-11",30.02,39,NA,NA, 40,"*",29.33,10.00,"280",NA, 6,12,58,"2019-11-17 Sunday","2019-11 Sunday",0,2019-11-23,2019-11-17,58.33569
2019-11-18,1747,"2019-11-18 05:46:34","DEDM (101.1LB)","Monday","2019-11-18 05","2019-11",30.02,37,NA,NA, 71,"*",29.33,10.00,"000",NA, 0, 5,46,"2019-11-18 Monday","2019-11 Monday",1,2019-11-23,2019-11-18,63.04751
2019-11-19,1587,"2019-11-19 05:31:11","DEDM (101.1LB)","Tuesday","2019-11-19 05","2019-11",29.97,39,NA,NA, 71,NA,NA,10.00,"000",NA, 0, 5,31,"2019-11-19 Tuesday","2019-11 Tuesday",2,2019-11-23,2019-11-19,66.12854
2019-11-20,1656,"2019-11-20 05:46:52","DEDM (101.2LB)","Wednesday","2019-11-20 05","2019-11",29.96,57,NA,NA, 88,"OVC:08 7",29.27,10.00,"160","21",15, 5,46,"2019-11-20 Wednesday","2019-11 Wednesday",3,2019-11-23,2019-11-20,70.22947
2019-11-21,1166,"2019-11-21 05:45:29","DEDM (101.1LB)","Thursday","2019-11-21 05","2019-11",29.97,64,NA,NA, 94,NA,NA, 7.00,"150",NA,11, 5,45,"2019-11-21 Thursday","2019-11 Thursday",4,2019-11-23,2019-11-21,71.26158
2019-11-22, 876,"2019-11-22 06:00:26","DEDM (101.1LB)","Friday","2019-11-22 06","2019-11",30.10,45,NA,NA, 93,NA,NA,10.00,"330",NA,11, 6, 0,"2019-11-22 Friday","2019-11 Friday",5,2019-11-23,2019-11-22,46.16553
2019-11-23, 561,"2019-11-23 07:24:13","DEDM (101.2LB)","Saturday","2019-11-23 07","2019-11",30.11,34,NA,NA, 87,"*",29.42,10.00,"000",NA, 0, 7,24,"2019-11-23 Saturday","2019-11 Saturday",6,2019-11-23,2019-11-23,48.51693
2019-11-24, 484,"2019-11-24 03:03:08","DEDM (101.2LB)","Sunday","2019-11-24 03","2019-11",30.09,39,NA,NA, 84,"CLR:00",29.40,10.00,"000",NA, 0, 3, 3,"2019-11-24 Sunday","2019-11 Sunday",0,2019-11-30,2019-11-24,63.53306
2019-11-25,1417,"2019-11-25 05:47:07","DEDM (101.2LB)","Monday","2019-11-25 05","2019-11",29.68,43,NA,NA, 76,NA,NA,10.00,"160",NA, 7, 5,47,"2019-11-25 Monday","2019-11 Monday",1,2019-11-30,2019-11-25,61.68031
2019-11-26, 925,"2019-11-26 06:00:25","DEDM (101.2LB)","Tuesday","2019-11-26 06","2019-11",29.56,59,NA,NA, 78,NA,NA,10.00,"190",NA,11, 6, 0,"2019-11-26 Tuesday","2019-11 Tuesday",2,2019-11-30,2019-11-26,68.74270
2019-11-27, 286,"2019-11-27 06:00:31","DEDM (101.3LB)","Wednesday","2019-11-27 06","2019-11",30.28,27,NA,NA, 53,NA,NA,13.00,"350",NA, 9, 6, 0,"2019-11-27 Wednesday","2019-11 Wednesday",3,2019-11-30,2019-11-27,48.54895
2019-11-30,   1,"2019-11-30 20:36:42","DEDM (101.1LB)","Saturday","2019-11-30 20","2019-11",29.82,34,NA,NA, 34,NA,NA,10.00,"290","17",10,20,36,"2019-11-30 Saturday","2019-11 Saturday",6,2019-11-30,2019-11-30,63.00000
2019-12-01, 337,"2019-12-01 13:00:25","DEDM (101.1LB)","Sunday","2019-12-01 13","2019-12",30.13,23,NA,NA, 27,"*",29.44,10.00,"300","23", 9,13, 0,"2019-12-01 Sunday","2019-12 Sunday",0,2019-12-07,2019-12-01,52.97033
2019-12-02,1440,"2019-12-02 05:43:37","DEDM (101.3LB)","Monday","2019-12-02 05","2019-12",30.30,25,NA,NA, 56,"*",29.60,10.00,"340",NA,10, 5,43,"2019-12-02 Monday","2019-12 Monday",1,2019-12-07,2019-12-02,46.57847
2019-12-03,1550,"2019-12-03 05:32:16","DEDM (101.2LB)","Tuesday","2019-12-03 05","2019-12",30.01,30,NA,NA, 61,"*",29.32,10.00,"160",NA,10, 5,32,"2019-12-03 Tuesday","2019-12 Tuesday",2,2019-12-07,2019-12-03,58.20968
2019-12-04,1511,"2019-12-04 05:45:53","DEDM (101.3LB)","Wednesday","2019-12-04 05","2019-12",30.13,37,NA,NA, 66,"SCT:04 240",29.44,10.00,"000",NA, 0, 5,45,"2019-12-04 Wednesday","2019-12 Wednesday",3,2019-12-07,2019-12-04,59.72469
2019-12-05,1131,"2019-12-05 05:44:14","DEDM (101.3LB)","Thursday","2019-12-05 05","2019-12",29.99,36,NA,NA, 51,"BKN:07 250",29.30,13.00,"170","*",10, 5,44,"2019-12-05 Thursday","2019-12 Thursday",4,2019-12-07,2019-12-05,64.15561
2019-12-06, 891,"2019-12-06 06:00:48","DEDM (101.3LB)","Friday","2019-12-06 06","2019-12",30.05,43,NA,NA, 63,"OVC:08 19",29.36,10.00,"320","28",17, 6, 0,"2019-12-06 Friday","2019-12 Friday",5,2019-12-07,2019-12-06,58.21212
2019-12-07, 508,"2019-12-07 07:27:06","DEDM (101.3LB)","Saturday","2019-12-07 07","2019-12",30.34,34,NA,NA, 81,"*",29.64,10.00,"350",NA, 3, 7,27,"2019-12-07 Saturday","2019-12 Saturday",6,2019-12-07,2019-12-07,55.83268
2019-12-08, 508,"2019-12-08 12:26:26","DEDM (101.3LB)","Sunday","2019-12-08 12","2019-12",29.93,48,NA,NA, 56,"*",29.24,10.00,"170","29",22,12,26,"2019-12-08 Sunday","2019-12 Sunday",0,2019-12-14,2019-12-08,66.93898
2019-12-09,1506,"2019-12-09 05:47:29","DEDM (101.3LB)","Monday","2019-12-09 05","2019-12",29.77,54,NA,NA, 73,"OVC:08 110",29.08,10.00,"210",NA, 7, 5,47,"2019-12-09 Monday","2019-12 Monday",1,2019-12-14,2019-12-09,60.20319
2019-12-10, 505,"2019-12-10 05:32:59","DEDM (101.1LB)","Tuesday","2019-12-10 05","2019-12",30.28,27,NA,NA, 65,"OVC:08 90",29.58,10.00,"010",NA, 8, 5,32,"2019-12-10 Tuesday","2019-12 Tuesday",2,2019-12-14,2019-12-10,41.25347
2019-12-11, 675,"2019-12-11 11:30:41","DEDM (101.3LB)","Wednesday","2019-12-11 11","2019-12",30.57,34,NA,NA, 76,"*",29.87,13.00,"140",NA, 6,11,30,"2019-12-11 Wednesday","2019-12 Wednesday",3,2019-12-14,2019-12-11,45.30074
2019-12-12, 724,"2019-12-12 06:02:04","DEDM (101.2LB)","Thursday","2019-12-12 06","2019-12",30.33,30,NA,NA, 70,NA,NA,13.00,"100",NA, 6, 6, 2,"2019-12-12 Thursday","2019-12 Thursday",4,2019-12-14,2019-12-12,50.30525
2019-12-13, 756,"2019-12-13 06:00:29","DEDM (101.2LB)","Friday","2019-12-13 06","2019-12",29.91,41,NA,NA, 87,NA,NA,10.00,"190",NA, 5, 6, 0,"2019-12-13 Friday","2019-12 Friday",5,2019-12-14,2019-12-13,53.99603
2019-12-14, 534,"2019-12-14 08:00:24","DEDM (101.2LB)","Saturday","2019-12-14 08","2019-12",29.88,41,NA,NA, 93,NA,NA, 5.00,"000",NA, 0, 8, 0,"2019-12-14 Saturday","2019-12 Saturday",6,2019-12-14,2019-12-14,58.39700
2019-12-15, 324,"2019-12-15 12:16:22","DEDM (101.3LB)","Sunday","2019-12-15 12","2019-12",29.78,54,NA,NA, 73,"*",29.09,10.00,"190",NA, 8,12,16,"2019-12-15 Sunday","2019-12 Sunday",0,2019-12-21,2019-12-15,65.41667
2019-12-16, 667,"2019-12-16 06:01:34","DEDM (101.1LB)","Monday","2019-12-16 06","2019-12",30.00,36,NA,NA, 93,NA,NA, 7.00,"330","20",11, 6, 1,"2019-12-16 Monday","2019-12 Monday",1,2019-12-21,2019-12-16,38.35232
2019-12-17, 555,"2019-12-17 06:00:30","DEDM (101.2LB)","Tuesday","2019-12-17 06","2019-12",30.37,27,NA,NA, 86,"*",29.67,13.00,"340","18", 9, 6, 0,"2019-12-17 Tuesday","2019-12 Tuesday",2,2019-12-21,2019-12-17,43.98919
2019-12-18, 390,"2019-12-18 06:04:31","DEDM (101.2LB)","Wednesday","2019-12-18 06","2019-12",30.46,27,NA,NA, 65,"*",29.76,13.00,"000",NA, 0, 6, 4,"2019-12-18 Wednesday","2019-12 Wednesday",3,2019-12-21,2019-12-18,51.74615
2019-12-19, 261,"2019-12-19 06:02:46","DEDM (101.3LB)","Thursday","2019-12-19 06","2019-12",30.38,23,NA,NA, 65,"*",29.68,13.00,"000",NA, 0, 6, 2,"2019-12-19 Thursday","2019-12 Thursday",4,2019-12-21,2019-12-19,49.02299
2019-12-20, 245,"2019-12-20 06:00:27","DEDM (101.2LB)","Friday","2019-12-20 06","2019-12",30.33,28,NA,NA, 53,"SCT:04 38 OVC:08 50",29.63,10.00,"140",NA, 6, 6, 0,"2019-12-20 Friday","2019-12 Friday",5,2019-12-21,2019-12-20,47.57551
2019-12-21,   3,"2019-12-21 01:48:16","DEDM (101.2LB)","Saturday","2019-12-21 01","2019-12",30.34,41,NA,NA, 91,"OVC:08 7",29.64,10.00,"130",NA, 7, 1,48,"2019-12-21 Saturday","2019-12 Saturday",6,2019-12-21,2019-12-21,44.00000
2019-12-27,   2,"2019-12-27 04:32:00","DEDM (101.2LB)","Friday","2019-12-27 04","2019-12",30.11,55,NA,NA, 88,"SCT:04 55",29.42,10.00,"120",NA, 6, 4,32,"2019-12-27 Friday","2019-12 Friday",5,2019-12-28,2019-12-27,58.00000
2019-12-28,   3,"2019-12-28 02:07:07","DEDM (101.3LB)","Saturday","2019-12-28 02","2019-12",29.86,59,NA,NA, 91,"OVC:08 8",29.17,10.00,"140",NA,15, 2, 7,"2019-12-28 Saturday","2019-12 Saturday",6,2019-12-28,2019-12-28,61.00000
2019-12-29,   2,"2019-12-29 01:59:23","DEDM (101.3LB)","Sunday","2019-12-29 01","2019-12",29.78,48,NA,NA, 88,"CLR:00",29.09,10.00,"000",NA, 0, 1,59,"2019-12-29 Sunday","2019-12 Sunday",0,2020-01-04,2019-12-29,52.00000
2019-12-31,   2,"2019-12-31 10:23:18","DEDM (101.1LB)","Tuesday","2019-12-31 10","2019-12",30.32,27,NA,NA, 53,"*",29.62,10.00,"000",NA, 0,10,23,"2019-12-31 Tuesday","2019-12 Tuesday",2,2020-01-04,2019-12-31,49.00000
2020-01-02, 223,"2020-01-02 06:00:30","DEDM (101.3LB)","Thursday","2020-01-02 06","2020-01",29.62,46,NA,NA, 77,"BKN:07 150 BKN:07 180",28.94,10.00,"170",NA, 9, 6, 0,"2020-01-02 Thursday","2020-01 Thursday",4,2020-01-04,2020-01-02,58.80717
2020-01-03, 217,"2020-01-03 06:00:27","DEDM (101.2LB)","Friday","2020-01-03 06","2020-01",29.95,43,NA,NA, 76,"SCT:04 20",29.26,10.00,"330","20",14, 6, 0,"2020-01-03 Friday","2020-01 Friday",5,2020-01-04,2020-01-03,54.18433
2020-01-04, 161,"2020-01-04 07:28:50","DEDM (101.2LB)","Saturday","2020-01-04 07","2020-01",30.27,32,NA,NA, 75,"*",29.57,10.00,"000",NA, 0, 7,28,"2020-01-04 Saturday","2020-01 Saturday",6,2020-01-04,2020-01-04,53.19876
2020-01-05, 131,"2020-01-05 13:00:27","DEDM (101.1LB)","Sunday","2020-01-05 13","2020-01",30.18,30,NA,NA, 24,"*",29.49,13.00,"310",NA, 6,13, 0,"2020-01-05 Sunday","2020-01 Sunday",0,2020-01-11,2020-01-05,63.51145
2020-01-06, 446,"2020-01-06 06:00:28","DEDM (101.2LB)","Monday","2020-01-06 06","2020-01",30.17,32,NA,NA, 70,"*",29.48,10.00,"310",NA, 3, 6, 0,"2020-01-06 Monday","2020-01 Monday",1,2020-01-11,2020-01-06,53.93274
2020-01-07, 461,"2020-01-07 05:23:35","DEDM (101.1LB)","Tuesday","2020-01-07 05","2020-01",30.39,23,NA,NA, 52,"*",29.69,10.00,"330",NA, 7, 5,23,"2020-01-07 Tuesday","2020-01 Tuesday",2,2020-01-11,2020-01-07,54.12798
2020-01-08, 485,"2020-01-08 06:00:28","DEDM (101.1LB)","Wednesday","2020-01-08 06","2020-01",30.30,21,NA,NA, 42,"*",29.60,13.00,"140",NA, 6, 6, 0,"2020-01-08 Wednesday","2020-01 Wednesday",3,2020-01-11,2020-01-08,57.61649
2020-01-09, 489,"2020-01-09 06:01:29","DEDM (101.2LB)","Thursday","2020-01-09 06","2020-01",30.01,55,NA,NA, 83,"OVC:08 13",29.32,10.00,"170","18",10, 6, 1,"2020-01-09 Thursday","2020-01 Thursday",4,2020-01-11,2020-01-09,65.34765
2020-01-10, 442,"2020-01-10 06:00:26","DEDM (101.1LB)","Friday","2020-01-10 06","2020-01",29.86,63,NA,NA, 83,"OVC:08 15",29.17,10.00,"140","21",14, 6, 0,"2020-01-10 Friday","2020-01 Friday",5,2020-01-11,2020-01-10,67.50226
2020-01-11, 290,"2020-01-11 08:00:31","DEDM (101.1LB)","Saturday","2020-01-11 08","2020-01",30.05,30,NA,"UP:09 ||", 87,"OVC:08 12",29.36, 5.00,"300","18",10, 8, 0,"2020-01-11 Saturday","2020-01 Saturday",6,2020-01-11,2020-01-11,36.32414
2020-01-12, 244,"2020-01-12 12:56:55","DEDM (101.1LB)","Sunday","2020-01-12 12","2020-01",30.19,34,NA,NA, 66,"*",29.49,10.00,"170",NA, 7,12,56,"2020-01-12 Sunday","2020-01 Sunday",0,2020-01-18,2020-01-12,52.55738
2020-01-13, 590,"2020-01-13 06:00:34","DEDM (101.3LB)","Monday","2020-01-13 06","2020-01",30.19,43,NA,NA, 93,"OVC:08 4",29.49, 2.00,"130",NA, 8, 6, 0,"2020-01-13 Monday","2020-01 Monday",1,2020-01-18,2020-01-13,56.82034
2020-01-14, 675,"2020-01-14 06:00:31","DEDM (101.3LB)","Tuesday","2020-01-14 06","2020-01",30.11,59,NA,NA, 94,"OVC:08 9",29.42, 7.00,"230",NA, 3, 6, 0,"2020-01-14 Tuesday","2020-01 Tuesday",2,2020-01-18,2020-01-14,65.77185
2020-01-15, 709,"2020-01-15 06:00:29","DEDM (101.1LB)","Wednesday","2020-01-15 06","2020-01",30.03,68,NA,"BR:1 ||", 94,"OVC:08 2",29.34, 4.00,"170",NA, 8, 6, 0,"2020-01-15 Wednesday","2020-01 Wednesday",3,2020-01-18,2020-01-15,71.63752
2020-01-16, 575,"2020-01-16 09:01:37","DEDM (101.2LB)","Thursday","2020-01-16 09","2020-01",30.42,46,NA,"RA:02 |RA |RA RA", 94,"OVC:08 6",29.72, 2.00,"030",NA, 8, 9, 1,"2020-01-16 Thursday","2020-01 Thursday",4,2020-01-18,2020-01-16,51.86783
2020-01-17,1164,"2020-01-17 06:00:29","DEDM (101.2LB)","Friday","2020-01-17 06","2020-01",30.25,50,NA,"BR:1 ||", 94,"OVC:08 3",29.55, 2.00,"110",NA, 7, 6, 0,"2020-01-17 Friday","2020-01 Friday",5,2020-01-18,2020-01-17,55.98196
2020-01-18, 696,"2020-01-18 08:00:32","DEDM (101.2LB)","Saturday","2020-01-18 08","2020-01",30.19,52,NA,NA, 88,"*",29.49,10.00,"320",NA,10, 8, 0,"2020-01-18 Saturday","2020-01 Saturday",6,2020-01-18,2020-01-18,52.53161
2020-01-19, 466,"2020-01-19 12:41:35","DEDM (101.2LB)","Sunday","2020-01-19 12","2020-01",30.57,14,NA,NA, 24,"*",29.87,10.00,"000",NA, 0,12,41,"2020-01-19 Sunday","2020-01 Sunday",0,2020-01-25,2020-01-19,49.62876
2020-01-20, 743,"2020-01-20 08:32:37","DEDM (101.1LB)","Monday","2020-01-20 08","2020-01",30.62,21,NA,NA, 48,"*",29.92,10.00,"060",NA, 5, 8,32,"2020-01-20 Monday","2020-01 Monday",1,2020-01-25,2020-01-20,52.50875
2020-01-21,1630,"2020-01-21 06:00:28","DEDM (101.3LB)","Tuesday","2020-01-21 06","2020-01",30.47,28,NA,NA, 70,"*",29.77,10.00,"070",NA, 5, 6, 0,"2020-01-21 Tuesday","2020-01 Tuesday",2,2020-01-25,2020-01-21,45.59877
2020-01-22,1589,"2020-01-22 05:44:12","DEDM (101.2LB)","Wednesday","2020-01-22 05","2020-01",30.12,37,NA,"-RA:02 BR:1 |RA |RA", 87,"OVC:08 8",29.43, 2.00,"130","23",17, 5,44,"2020-01-22 Wednesday","2020-01 Wednesday",3,2020-01-25,2020-01-22,43.37634
2020-01-23,1432,"2020-01-23 06:00:33","DEDM (101.3LB)","Thursday","2020-01-23 06","2020-01",29.99,45,NA,"BR:1 ||", 93,"OVC:08 3",29.30, 1.00,"330",NA, 9, 6, 0,"2020-01-23 Thursday","2020-01 Thursday",4,2020-01-25,2020-01-23,50.17249
2020-01-24,1258,"2020-01-24 00:02:45","DEDM (101.1LB)","Friday","2020-01-24 00","2020-01",30.11,33,NA,NA, 74,"CLR:00",29.42,10.00,"260",NA, 5, 0, 2,"2020-01-24 Friday","2020-01 Friday",5,2020-01-25,2020-01-24,51.52782
2020-01-25, 782,"2020-01-25 06:53:33","DEDM (101.2LB)","Saturday","2020-01-25 06","2020-01",30.10,30,NA,NA, 57,"*",29.41,10.00,"140",NA,11, 6,53,"2020-01-25 Saturday","2020-01 Saturday",6,2020-01-25,2020-01-25,57.56905
2020-01-26, 913,"2020-01-26 10:54:46","DEDM (101.2LB)","Sunday","2020-01-26 10","2020-01",30.01,50,NA,NA, 88,"OVC:08 5",29.32, 5.00,"310",NA, 5,10,54,"2020-01-26 Sunday","2020-01 Sunday",0,2020-02-01,2020-01-26,58.03505
2020-01-27,1734,"2020-01-27 05:44:47","DEDM (101.3LB)","Monday","2020-01-27 05","2020-01",30.05,48,NA,"FG:2 |FG |FG", 94,"OVC:08 3",29.36, 0.12,"140",NA, 3, 5,44,"2020-01-27 Monday","2020-01 Monday",1,2020-02-01,2020-01-27,53.66494
2020-01-28,1732,"2020-01-28 06:00:48","DEDM (101.2LB)","Tuesday","2020-01-28 06","2020-01",29.87,50,NA,"RA:02 |RA |RA RA", 88,"OVC:08 6",29.18, 7.00,"140","31",18, 6, 0,"2020-01-28 Tuesday","2020-01 Tuesday",2,2020-02-01,2020-01-28,51.44919
2020-01-29,1751,"2020-01-29 05:44:49","DEDM (101.3LB)","Wednesday","2020-01-29 05","2020-01",30.07,37,NA,NA, 87,"OVC:08 9",29.38, 8.00,"330","24",14, 5,44,"2020-01-29 Wednesday","2020-01 Wednesday",3,2020-02-01,2020-01-29,42.27242
2020-01-30,1403,"2020-01-30 06:00:34","DEDM (101.3LB)","Thursday","2020-01-30 06","2020-01",30.17,36,NA,NA, 93,"OVC:08 12",29.48,10.00,"340",NA, 5, 6, 0,"2020-01-30 Thursday","2020-01 Thursday",4,2020-02-01,2020-01-30,42.25659
2020-01-31,1301,"2020-01-31 06:00:29","DEDM (101.2LB)","Friday","2020-01-31 06","2020-01",30.20,34,NA,NA, 71,"OVC:08 24",29.51,10.00,"300",NA, 6, 6, 0,"2020-01-31 Friday","2020-01 Friday",5,2020-02-01,2020-01-31,49.24135
2020-02-01, 784,"2020-02-01 08:00:35","DEDM (101.2LB)","Saturday","2020-02-01 08","2020-02",30.21,30,NA,NA, 81,"*",29.52,10.00,"000",NA, 0, 8, 0,"2020-02-01 Saturday","2020-02 Saturday",6,2020-02-01,2020-02-01,56.34439
2020-02-02, 471,"2020-02-02 12:12:49","DEDM (101.3LB)","Sunday","2020-02-02 12","2020-02",30.07,28,NA,NA, 31,"*",29.38,10.00,"220",NA, 8,12,12,"2020-02-02 Sunday","2020-02 Sunday",0,2020-02-08,2020-02-02,72.93206
2020-02-03,1760,"2020-02-03 05:46:41","DEDM (101.2LB)","Monday","2020-02-03 05","2020-02",29.79,48,NA,NA, 77,"*",29.10,10.00,"170","18",13, 5,46,"2020-02-03 Monday","2020-02 Monday",1,2020-02-08,2020-02-03,62.79318
2020-02-04,1871,"2020-02-04 06:00:35","DEDM (101.3LB)","Tuesday","2020-02-04 06","2020-02",29.76,57,NA,"-RA:02 BR:1 |RA |RA", 88,"BKN:07 5 BKN:07 38 OVC:08 47",29.08, 8.00,"310",NA, 7, 6, 0,"2020-02-04 Tuesday","2020-02 Tuesday",2,2020-02-08,2020-02-04,46.90005
2020-02-05,1686,"2020-02-05 01:06:16","DEDM (101.1LB)","Wednesday","2020-02-05 01","2020-02",30.00,32,NA,NA, 80,"OVC:08 15",29.31,10.00,"340","20",11, 1, 6,"2020-02-05 Wednesday","2020-02 Wednesday",3,2020-02-08,2020-02-05,35.61269
2020-02-06,1447,"2020-02-06 06:00:30","DEDM (101.2LB)","Thursday","2020-02-06 06","2020-02",29.87,23,NA,NA, 75,"FEW:02 18 SCT:04 200",29.18,13.00,"290",NA, 5, 6, 0,"2020-02-06 Thursday","2020-02 Thursday",4,2020-02-08,2020-02-06,37.54181
2020-02-07,1208,"2020-02-07 06:00:32","DEDM (101.3LB)","Friday","2020-02-07 06","2020-02",29.85,27,NA,NA, 65,"*",29.16,10.00,"000",NA, 0, 6, 0,"2020-02-07 Friday","2020-02 Friday",5,2020-02-08,2020-02-07,51.22517
2020-02-08,   2,"2020-02-08 11:23:03","DEDM (101.1LB)","Saturday","2020-02-08 11","2020-02",30.25,30,NA,NA, 41,"*",29.55,10.00,"130",NA, 8,11,23,"2020-02-08 Saturday","2020-02 Saturday",6,2020-02-08,2020-02-08,58.50000
2020-02-09,1051,"2020-02-09 12:37:07","DEDM (101.1LB)","Sunday","2020-02-09 12","2020-02",29.98,63,NA,"HZ:7 ||HZ", 94,"OVC:08 4",29.29, 5.00,"170",NA, 9,12,37,"2020-02-09 Sunday","2020-02 Sunday",0,2020-02-15,2020-02-09,66.98097
2020-02-10,1756,"2020-02-10 05:44:53","DEDM (101.3LB)","Monday","2020-02-10 05","2020-02",30.07,37,NA,NA, 76,"OVC:08 13",29.38,10.00,"360","20", 9, 5,44,"2020-02-10 Monday","2020-02 Monday",1,2020-02-15,2020-02-10,45.02677
2020-02-11,1637,"2020-02-11 06:00:25","DEDM (101.2LB)","Tuesday","2020-02-11 06","2020-02",30.15,39,NA,"TS:7 RA:02 |RA TS |RA TS", 87,"BKN:07 14 BKN:07 20 OVC:08 80",29.46, 8.00,"010","21",14, 6, 0,"2020-02-11 Tuesday","2020-02 Tuesday",2,2020-02-15,2020-02-11,44.22175
2020-02-12,1656,"2020-02-12 05:47:42","DEDM (101.2LB)","Wednesday","2020-02-12 05","2020-02",29.91,41,NA,"+RA:02 |RA |RA RA", 87,"BKN:07 4 BKN:07 8 OVC:08 22",29.22, 7.00,"300",NA, 7, 5,47,"2020-02-12 Wednesday","2020-02 Wednesday",3,2020-02-15,2020-02-12,44.96800
2020-02-13,1307,"2020-02-13 06:00:30","DEDM (101.3LB)","Thursday","2020-02-13 06","2020-02",30.20,34,NA,NA, 81,"OVC:08 21",29.51,13.00,"010","24",14, 6, 0,"2020-02-13 Thursday","2020-02 Thursday",4,2020-02-15,2020-02-13,38.08340
2020-02-14,1103,"2020-02-14 06:00:25","DEDM (101.2LB)","Friday","2020-02-14 06","2020-02",30.47,18,NA,NA, 64,"*",29.77,13.00,"050",NA, 6, 6, 0,"2020-02-14 Friday","2020-02 Friday",5,2020-02-15,2020-02-14,42.96102
2020-02-15, 633,"2020-02-15 08:00:28","DEDM (101.3LB)","Saturday","2020-02-15 08","2020-02",30.26,34,NA,NA, 71,"*",29.57,10.00,"160",NA,15, 8, 0,"2020-02-15 Saturday","2020-02 Saturday",6,2020-02-15,2020-02-15,58.32543
2020-02-16,1057,"2020-02-16 12:40:53","DEDM (101.2LB)","Sunday","2020-02-16 12","2020-02",30.02,50,NA,NA, 64,"*",29.33,10.00,"230",NA, 8,12,40,"2020-02-16 Sunday","2020-02 Sunday",0,2020-02-22,2020-02-16,68.60265
2020-02-17,1719,"2020-02-17 06:00:27","DEDM (101.3LB)","Monday","2020-02-17 06","2020-02",29.83,61,NA,NA, 88,"OVC:08 8",29.14, 7.00,"190","23",14, 6, 0,"2020-02-17 Monday","2020-02 Monday",1,2020-02-22,2020-02-17,68.41478
2020-02-18,1660,"2020-02-18 06:00:29","DEDM (101.2LB)","Tuesday","2020-02-18 06","2020-02",30.01,52,NA,"HZ:7 ||HZ", 94,"OVC:08 6",29.32, 3.00,"350","23",18, 6, 0,"2020-02-18 Tuesday","2020-02 Tuesday",2,2020-02-22,2020-02-18,50.61687
2020-02-19,1569,"2020-02-19 05:45:48","DEDM (101.3LB)","Wednesday","2020-02-19 05","2020-02",30.32,34,NA,NA, 71,"*",29.62,10.00,"020",NA, 8, 5,45,"2020-02-19 Wednesday","2020-02 Wednesday",3,2020-02-22,2020-02-19,45.43658
2020-02-20,1289,"2020-02-20 06:00:28","DEDM (101.2LB)","Thursday","2020-02-20 06","2020-02",30.47,37,NA,NA, 76,"OVC:08 60",29.77,10.00,"030","20",11, 6, 0,"2020-02-20 Thursday","2020-02 Thursday",4,2020-02-22,2020-02-20,43.87199
2020-02-21, 834,"2020-02-21 09:39:26","DEDM (101.1LB)","Friday","2020-02-21 09","2020-02",30.66,14,NA,NA, 29,"*",29.96,10.00,"000",NA, 0, 9,39,"2020-02-21 Friday","2020-02 Friday",5,2020-02-22,2020-02-21,45.44245
2020-02-22, 581,"2020-02-22 08:00:36","DEDM (101.3LB)","Saturday","2020-02-22 08","2020-02",30.39,28,NA,NA, 57,"BKN:07 100",29.69,10.00,"160",NA, 8, 8, 0,"2020-02-22 Saturday","2020-02 Saturday",6,2020-02-22,2020-02-22,53.18589
2020-02-23, 944,"2020-02-23 10:48:54","DEDM (101.1LB)","Sunday","2020-02-23 10","2020-02",30.09,48,NA,NA, 77,"OVC:08 28",29.40,10.00,"150","22",17,10,48,"2020-02-23 Sunday","2020-02 Sunday",0,2020-02-29,2020-02-23,55.64831
2020-02-24,1631,"2020-02-24 05:46:00","DEDM (101.2LB)","Monday","2020-02-24 05","2020-02",29.79,43,NA,NA, 63,"*",29.10,10.00,"290","24",17, 5,46,"2020-02-24 Monday","2020-02 Monday",1,2020-02-29,2020-02-24,56.69896
2020-02-25,1752,"2020-02-25 05:35:58","DEDM (101.3LB)","Tuesday","2020-02-25 05","2020-02",30.01,39,NA,NA, 81,"BKN:07 70",29.32,13.00,"300",NA, 5, 5,35,"2020-02-25 Tuesday","2020-02 Tuesday",2,2020-02-29,2020-02-25,52.92694
2020-02-26,1667,"2020-02-26 05:42:06","DEDM (101.3LB)","Wednesday","2020-02-26 05","2020-02",30.40,27,NA,NA, 65,"OVC:08 24",29.70,10.00,"330","37",22, 5,42,"2020-02-26 Wednesday","2020-02 Wednesday",3,2020-02-29,2020-02-26,42.38452
2020-02-27,1316,"2020-02-27 06:00:25","DEDM (101.2LB)","Thursday","2020-02-27 06","2020-02",30.42,25,NA,NA, 56,"*",29.72,10.00,"200",NA, 7, 6, 0,"2020-02-27 Thursday","2020-02 Thursday",4,2020-02-29,2020-02-27,51.31611
2020-02-28,1150,"2020-02-28 06:00:26","DEDM (101.2LB)","Friday","2020-02-28 06","2020-02",30.34,32,NA,NA, 70,"*",29.64,10.00,"320",NA, 7, 6, 0,"2020-02-28 Friday","2020-02 Friday",5,2020-02-29,2020-02-28,55.46696
2020-03-01,1048,"2020-03-01 12:24:45","DEDM (101.2LB)","Sunday","2020-03-01 12","2020-03",29.86,54,NA,NA, 60,"BKN:07 23",29.17,10.00,"180","32",20,12,24,"2020-03-01 Sunday","2020-03 Sunday",0,2020-03-07,2020-03-01,69.03244
2020-03-02,1616,"2020-03-02 05:46:16","DEDM (101.2LB)","Monday","2020-03-02 05","2020-03",29.83,61,NA,NA, 88,"SCT:04 7",29.14,10.00,"190","17",10, 5,46,"2020-03-02 Monday","2020-03 Monday",1,2020-03-07,2020-03-02,64.91522
2020-03-03,1663,"2020-03-03 05:35:22","DEDM (101.3LB)","Tuesday","2020-03-03 05","2020-03",29.79,45,NA,NA, 63,"*",29.10,10.00,"100",NA, 6, 5,35,"2020-03-03 Tuesday","2020-03 Tuesday",2,2020-03-07,2020-03-03,60.97294
2020-03-04,1620,"2020-03-04 05:29:46","DEDM (101.2LB)","Wednesday","2020-03-04 05","2020-03",29.85,52,NA,"-RA:02 BR:1 |RA |RA", 94,"BKN:07 50 BKN:07 70 OVC:08 80",29.16, 7.00,"040","18",11, 5,29,"2020-03-04 Wednesday","2020-03 Wednesday",3,2020-03-07,2020-03-04,54.12037
2020-03-05,1308,"2020-03-05 06:00:23","DEDM (101.2LB)","Thursday","2020-03-05 06","2020-03",30.18,43,NA,NA,100,"*",29.49,13.00,"270",NA, 3, 6, 0,"2020-03-05 Thursday","2020-03 Thursday",4,2020-03-07,2020-03-05,66.07798
2020-03-06,1078,"2020-03-06 06:00:28","DEDM (101.2LB)","Friday","2020-03-06 06","2020-03",30.56,18,NA,NA, 24,"*",29.86,10.00,"060",NA,13, 6, 0,"2020-03-06 Friday","2020-03 Friday",5,2020-03-07,2020-03-06,60.79035
2020-03-07, 584,"2020-03-07 07:32:44","DEDM (101.2LB)","Saturday","2020-03-07 07","2020-03",30.41,27,NA,NA, 40,"*",29.71,10.00,"140",NA, 6, 7,32,"2020-03-07 Saturday","2020-03 Saturday",6,2020-03-07,2020-03-07,57.97432
2020-03-08,1036,"2020-03-08 12:49:27","DEDM (101.2LB)","Sunday","2020-03-08 12","2020-03",30.29,48,NA,NA, 77,"SCT:04 14 BKN:07 35",29.59,10.00,"160","21",15,12,49,"2020-03-08 Sunday","2020-03 Sunday",0,2020-03-14,2020-03-08,63.90154
2020-03-09,1558,"2020-03-09 05:44:27","DEDM (101.1LB)","Monday","2020-03-09 05","2020-03",30.12,59,NA,"RA:02 |RA |RA RA", 94,"OVC:08 8",29.43, 7.00,"160","21",14, 5,44,"2020-03-09 Monday","2020-03 Monday",1,2020-03-14,2020-03-09,67.88383
2020-03-10,1786,"2020-03-10 05:35:50","DEDM (101.3LB)","Tuesday","2020-03-10 05","2020-03",30.27,43,NA,NA, 72,"*",29.57,10.00,"060",NA, 5, 5,35,"2020-03-10 Tuesday","2020-03 Tuesday",2,2020-03-14,2020-03-10,67.96753
2020-03-11, 250,"2020-03-11 06:00:27","DEDM (101.2LB)","Wednesday","2020-03-11 06","2020-03",30.04,63,NA,NA, 83,"SCT:04 14",29.35,10.00,"200",NA,NA, 6, 0,"2020-03-11 Wednesday","2020-03 Wednesday",3,2020-03-14,2020-03-11,70.65200
